method,budget,T,U_over_D,branch,Z,docc,ekin,etot,sumR2
ghost_dmft,3,0.001,2.0,metal,0.35992543321275666,0.08621144183159725,-0.26149206982508494,-0.08906918616189044,
ghost_dmft,3,0.001,1.0,metal,0.7911156997741929,0.16750452009767022,-0.3832376325702592,-0.215733112472589,
ghost_dmft,3,0.001,3.2,insulator,4.269432273700458e-13,0.01251906376859414,-0.07959936414670055,-0.0395383600871993,
ghost_dmft,3,0.001,2.0,insulator,1.2609316084197437e-12,0.033290229585392926,-0.13068709852926977,-0.06410663935848392,
ghost_dmft,3,0.002,2.0,metal,0.3597452552394157,0.08618826605074995,-0.2614268435352235,-0.0890503114337236,
ghost_dmft,3,0.002,1.0,metal,0.7910757346834083,0.1674990975636534,-0.3832207572662452,-0.21572165970259183,
ghost_dmft,3,0.002,3.2,insulator,4.2678630152492874e-13,0.012516845644442092,-0.07958546786498663,-0.03953156180277193,
ghost_dmft,3,0.002,2.0,insulator,1.2603505528038871e-12,0.0332833393348801,-0.1306608996677636,-0.0640942209980034,
ghost_dmft,3,0.003,2.0,metal,0.35946715100974697,0.08615250122119299,-0.2613262017994281,-0.08902119935704214,
ghost_dmft,3,0.003,1.0,metal,0.7910231885756553,0.1674915420126108,-0.38319687603532937,-0.21570533402271858,
ghost_dmft,3,0.003,3.2,insulator,4.266536102525677e-13,0.012514995418636357,-0.07957369900944095,-0.0395257136698046,
ghost_dmft,3,0.003,2.0,insulator,1.2603506807547454e-12,0.03328338810916016,-0.13066090572238426,-0.06409412950406394,
ghost_dmft,3,0.004,2.0,metal,0.3590772813848073,0.08610237808175121,-0.26118518276767244,-0.08898042660417002,
ghost_dmft,3,0.004,1.0,metal,0.7909489330342026,0.16748212471034202,-0.38316814656010123,-0.2156860218497592,
ghost_dmft,3,0.004,3.2,insulator,4.2664487876972007e-13,0.012514869750978158,-0.07957293644983417,-0.03952535324670406,
ghost_dmft,3,0.004,2.0,insulator,1.26034452156058e-12,0.033283254228601865,-0.13066062797194342,-0.06409411951473969,
ghost_dmft,3,0.005,2.0,metal,0.3585737071925837,0.08603764863792554,-0.26100310592031256,-0.08892780864446148,
ghost_dmft,3,0.005,1.0,metal,0.7908639455624008,0.16747069621992944,-0.3831326732223129,-0.2156619770023835,
ghost_dmft,3,0.005,3.2,insulator,4.266216486898174e-13,0.012514546426135913,-0.07957087749208933,-0.0395243289284544,
ghost_dmft,3,0.005,2.0,insulator,1.2603514104173668e-12,0.03328339647186874,-0.1306609382780121,-0.06409414533427461,
ghost_dmft,3,0.0065,2.0,metal,0.3576009381590811,0.08591265962701491,-0.26065165144617236,-0.08882633219214253,
ghost_dmft,3,0.0065,1.0,metal,0.7907021443763338,0.1674489499400881,-0.38306520959875834,-0.21561625965867023,
ghost_dmft,3,0.0065,3.2,insulator,4.265964671999941e-13,0.012514191118280298,-0.07956864617203971,-0.039523234593542754,
ghost_dmft,3,0.0065,2.0,insulator,1.2603401066381496e-12,0.03328315963654084,-0.1306604288806394,-0.06409410960755771,
ghost_dmft,3,0.008,2.0,metal,0.3563598791037525,0.08575329168767132,-0.260203764312386,-0.08869718093704337,
ghost_dmft,3,0.008,1.0,metal,0.7905033083909287,0.16742167950141498,-0.3829801578867573,-0.21555847838534234,
ghost_dmft,3,0.008,3.2,insulator,4.265527487362288e-13,0.012513577213701685,-0.07956477156158147,-0.039521324477736076,
ghost_dmft,3,0.008,2.0,insulator,1.2602915330619904e-12,0.03328187300659042,-0.13065760000694182,-0.06409385399376098,
ghost_dmft,3,0.01,2.0,metal,0.3542686518516158,0.08548498543351683,-0.25945030570957683,-0.08848033484254317,
ghost_dmft,3,0.01,3.2,metal,0.001538077122480984,0.01255701699106674,-0.07968322056535648,-0.03950076619394291,
ghost_dmft,3,0.01,1.0,metal,0.7901626723603479,0.1673761392066895,-0.38283918716678483,-0.21546304796009533,
ghost_dmft,3,0.01,3.2,insulator,4.26537994767723e-13,0.012513370468014687,-0.07956345911791592,-0.03952067362026891,
ghost_dmft,3,0.01,2.0,insulator,1.260330358608828e-12,0.03328288578574715,-0.13065982225914036,-0.06409405068764605,
ghost_dmft,3,0.015,2.0,metal,0.3465630971314134,0.08450123096728288,-0.25669481716881226,-0.08769235523424651,
ghost_dmft,3,0.015,3.2,metal,0.002330452998308345,0.012582123437714652,-0.07976093360833272,-0.03949813860764584,
ghost_dmft,3,0.015,1.0,metal,0.788968569752367,0.16721703287565684,-0.3823476800057344,-0.21513064713007754,
ghost_dmft,3,0.015,3.2,insulator,4.2651864773836765e-13,0.012513082410821162,-0.07956174915449969,-0.03951988543987197,
ghost_dmft,3,0.015,2.0,insulator,1.2602976650759982e-12,0.03328135370312643,-0.13065663003355776,-0.0640939226273049,
ghost_dmft,3,0.02,2.0,metal,0.33374730465686586,0.08290079729022329,-0.252231775069062,-0.08643018048861545,
ghost_dmft,3,0.02,3.2,metal,0.0031385649089046095,0.012607906924216778,-0.07984094595559135,-0.03949564379809766,
ghost_dmft,3,0.02,1.0,metal,0.7872559112504476,0.16699135034613186,-0.38165406054623885,-0.214662710200107,
ghost_dmft,3,0.02,3.2,insulator,4.2651583419685714e-13,0.012513059034168723,-0.07956149978075096,-0.03951971087141104,
ghost_dmft,3,0.02,2.0,insulator,1.2602996200179443e-12,0.033282089551608336,-0.13065807583423725,-0.06409389673102057,
ghost_dmft,3,0.025,2.0,metal,0.31263560413787445,0.08029327045571641,-0.2450209892381528,-0.08443444832671998,
ghost_dmft,3,0.025,3.2,metal,0.0039639409775637235,0.0126340412025557,-0.07992097304184628,-0.03949204119366804,
ghost_dmft,3,0.025,1.0,metal,0.7849873915148682,0.16669613151051663,-0.38075199512299757,-0.21405586361248094,
ghost_dmft,3,0.025,3.2,insulator,4.265068352300262e-13,0.012512931362640905,-0.07956070216716041,-0.03951932180670951,
ghost_dmft,3,0.025,2.0,insulator,1.2603445362816686e-12,0.033283254552528244,-0.130660628653552,-0.0640941195484955,
ghost_dmft,3,0.03,2.0,metal,0.286334866670677,0.07680345514733505,-0.23557198394531267,-0.08196507365064257,
ghost_dmft,3,0.03,3.2,metal,0.004806131660468809,0.01266084255159993,-0.08000308025503733,-0.039488384089917554,
ghost_dmft,3,0.03,1.0,metal,0.7820676917099841,0.16632578026436234,-0.3796303120711574,-0.21330453180679504,
ghost_dmft,3,0.03,3.2,insulator,4.2650016410936505e-13,0.012512838821859145,-0.07956010626779764,-0.03951902203784837,
ghost_dmft,3,0.03,2.0,insulator,1.2603512117725115e-12,0.03328339615005085,-0.13066093022831765,-0.06409413792821596,
ghost_dmft,3,0.05,2.0,metal,0.22591304751087712,0.06496334914897875,-0.20502986463481646,-0.07510316633685896,
ghost_dmft,3,0.05,3.2,metal,0.008356562038014447,0.012774181168603323,-0.08034688345516705,-0.039469503715636414,
ghost_dmft,3,0.05,1.0,metal,0.7604614140353735,0.16387138171850793,-0.3724999117835995,-0.20862853006509155,
ghost_dmft,3,0.05,3.2,insulator,4.264905567025488e-13,0.012512704068629343,-0.07955925879220975,-0.03951860577259585,
ghost_dmft,3,0.05,2.0,insulator,1.2603735111133384e-12,0.03328635917765528,-0.13066335367907858,-0.06409063532376802,
ghost_dmft,3,0.07,3.2,insulator,4.2649398844982994e-13,0.012512765189582173,-0.07955956097133791,-0.039518712364674954,
ghost_dmft,3,0.07,2.0,insulator,1.261149412007399e-12,0.03337085692969107,-0.13073712936173518,-0.06399541550235303,
ghost_dmft,3,0.1,3.2,insulator,4.265219339207851e-13,0.012515467435965981,-0.0795634740524583,-0.039513978257367154,
ghost_dmft,3,0.1,2.0,insulator,1.269656292081758e-12,0.03435261066212344,-0.13161181062291344,-0.06290658929866656,
ghost_dmft,3,0.15,2.0,metal,0.22311119476106273,0.05147354341221751,-0.16790423166645427,-0.06495714484201925,
ghost_dmft,3,0.15,3.2,metal,0.031711216509965695,0.01361849445351237,-0.08255904773930467,-0.038979865488065084,
ghost_dmft,3,0.15,1.0,metal,0.7068908739784069,0.14606786688200343,-0.31888914655860756,-0.17282127967660413,
ghost_dmft,3,0.15,3.2,insulator,4.2682468149274976e-13,0.012636156576526145,-0.07966942569739252,-0.03923372465250885,
ghost_dmft,3,0.15,2.0,insulator,1.311396218316379e-12,0.040135126735498065,-0.13710462121483963,-0.0568343677438435,
ghost_dmft,3,0.2,2.0,metal,0.2514352084357235,0.05341305140773809,-0.16577790333658968,-0.0589518005211135,
ghost_dmft,3,0.2,3.2,metal,0.04691140055826915,0.014615856405296883,-0.0842225906124606,-0.03745185011551057,
ghost_dmft,3,0.2,1.0,metal,0.7074139495805755,0.14199871564175845,-0.2946902694500624,-0.15269155380830393,
ghost_dmft,3,0.2,3.2,insulator,4.2841864946515325e-13,0.013358931223831888,-0.08032884437131298,-0.03758026445505093,
ghost_dmft,3,0.2,2.0,insulator,1.3422051932256754e-12,0.04819187770802964,-0.14502854066515247,-0.048644785249093186,
ghost_dmft,3,0.2,1.0,insulator,8.322271431604706e-12,0.14837185317382784,-0.2859886276091277,-0.13761677443529985,
ghost_dmft,1,0.001,2.0,census,0.00021606688535661452,0.05814900512378467,-0.3033538832735443,-0.18705587302597496,
ghost_dmft,1,1e-08,1.0,gs,0.9099550137255766,0.1759521867930678,-0.38759193176995593,-0.21163974497688814,
ghost_dmft,1,1e-08,2.0,gs,0.6448726915841135,0.10207725356942833,-0.27704857071660427,-0.07289406357774761,
ghost_dmft,1,1e-08,3.2,gs,0.10394996969360987,0.01356533266852577,-0.04712199976874784,-0.003712935229465371,
ghost_dmft,1,0.001,1.0,metal,0.9099322019553876,0.1759492488341933,-0.3875910314634254,-0.21164178262923208,
ghost_dmft,1,0.001,2.0,metal,0.6448609522456216,0.10207540943712057,-0.27704329593063504,-0.0728924770563939,
ghost_dmft,1,0.001,3.2,metal,0.10315314141276079,0.013458641817758923,-0.046762120087289534,-0.0036944662704609735,
ghost_dmft,1,0.01,1.0,metal,0.9098186675640615,0.17590225411094487,-0.3873083854924983,-0.21140613138155342,
ghost_dmft,1,0.01,2.0,metal,0.643753704325063,0.10187467477200199,-0.27635533993140826,-0.07260599038740428,
ghost_dmft,1,0.025,1.0,metal,0.909295409124338,0.17566919009169996,-0.38586687018578,-0.21019768009408002,
ghost_dmft,1,0.025,2.0,metal,0.6383925221265272,0.10083740564406389,-0.2725965786214475,-0.0709217673333197,
ghost_dmft,1,0.025,3.2,metal,0.24074939478000174,0.0338592354604702,-0.09949901249685396,0.008850540976650681,
ghost_dmft,1,0.001,3.2,br,0.10315314141276079,0.013458641817758923,-0.046762120087289534,-0.0036944662704609735,
ghost_dmft,1,0.2,1.0,ins,0.8611487027866414,0.14781052276127973,-0.29144201016189064,-0.1436314874006109,
ghost_dmft,1,0.2,2.0,ins,0.5573378547557631,0.06089742422256084,-0.15506038758642676,-0.033265539141305075,
ghost_dmft,1,0.2,3.2,ins,0.30627786762288517,0.01628608635071386,-0.058082428826342486,-0.005966952504058133,
ghost_dmft,1,0.05,1.0,metal,0.906411749914064,0.17469136944327546,-0.38035531549100954,-0.20566394604773408,
ghost_dmft,1,0.05,2.0,metal,0.5819154300470883,0.09182088111091162,-0.24211300336334138,-0.05847124114151814,
ghost_dmft,1,0.05,3.2,metal,0.09507523446799705,0.006211065065506094,-0.022651226752965683,-0.0027758185433461834,
ghost_dmft,1,0.1,1.0,metal,0.876530160332178,0.16651736412295823,-0.35095541838092503,-0.1844380542579668,
ghost_dmft,1,0.1,2.0,metal,0.47012583548975184,0.06574634538496252,-0.16735911434363476,-0.03586642357370973,
ghost_dmft,1,0.1,3.2,metal,0.17324244602079464,0.010357717509973902,-0.036977487898244656,-0.003832791866328164,
ghost_dmft,1,0.2,1.0,metal,0.8602260156069534,0.14771293333829133,-0.29151233646577956,-0.14379940312748823,
ghost_dmft,1,0.2,2.0,metal,0.5567021972636004,0.06086497579803888,-0.1551282538913786,-0.033398302295300844,
ghost_dmft,1,0.2,3.2,metal,0.306835601124095,0.016302574770409355,-0.0579950573465725,-0.005826818081262564,
gga_gem,1,0.001,1.0,up,0.9132520699504961,0.17636736667924666,-0.3875877033972738,-0.21122033671802712,0.9132520723986709
gga_gem,1,0.001,2.0,up,0.6530035956086045,0.10273393757425948,-0.2771356780768747,-0.07166780292835576,0.6530035954686634
gga_gem,1,0.001,3.2,up,0.111000491869858,0.014283057115196243,-0.04709045256023597,-0.0013846697916079856,0.11100049194612763
gga_gem,1,0.001,3.2,down,0.11098994745563887,0.014281692769134302,-0.04708597561832467,-0.0013845587570949017,0.11098994745116081
gga_gem,1,0.001,2.0,down,0.6530019741686424,0.10273368754160758,-0.27713498979426954,-0.07166761471105437,0.653001973733721
gga_gem,1,0.001,1.0,down,0.9132511092694799,0.17636723493468895,-0.3875872942621998,-0.21122005932751084,0.9132511083870949
gga_gem,1,0.002,1.0,up,0.9132489911485967,0.1763660596216894,-0.38757951634808574,-0.21121345672639633,0.9132489926446551
gga_gem,1,0.002,2.0,up,0.6529794997097467,0.10272882431258433,-0.2771158292706001,-0.07165818064543142,0.6529794991475611
gga_gem,1,0.002,3.2,up,0.10874256239768218,0.013983904229674477,-0.046074084917496164,-0.0013255913825378357,0.10874256237155872
gga_gem,1,0.002,3.2,down,0.10873163416458945,0.013982489688766916,-0.04606943921730959,-0.0013254722132554561,0.10873163420311088
gga_gem,1,0.002,2.0,down,0.6529778736556746,0.10272857380366918,-0.27711513968921875,-0.0716579920818804,0.6529778744088425
gga_gem,1,0.002,1.0,down,0.9132480304740578,0.17636592782723706,-0.3875791070758926,-0.21121317924865554,0.9132480283271135
gga_gem,1,0.003,1.0,up,0.9132438567717551,0.1763638811389401,-0.3875658714728937,-0.21120199033395357,0.9132438595562555
gga_gem,1,0.003,2.0,up,0.652939326474704,0.10272030034920311,-0.27708274291793206,-0.07164214221952583,0.6529393280797721
gga_gem,1,0.003,3.2,up,0.10446135846922117,0.013417702193573166,-0.04415413489778946,-0.0012174878783553222,0.10446135847673216
gga_gem,1,0.003,3.2,down,0.10444823030168991,0.013416001688090992,-0.04414854075720881,-0.0012173353553176294,0.10444823036222521
gga_gem,1,0.003,2.0,down,0.652937698254111,0.1027200490619425,-0.2770820512144714,-0.07164195309058638,0.6529376984354683
gga_gem,1,0.003,1.0,down,0.9132428937931683,0.17636374928170662,-0.3875654620354666,-0.21120171275375998,0.9132428948779273
gga_gem,1,0.004,1.0,up,0.9132366738337662,0.17636083113322526,-0.3875467690274995,-0.21118593789427426,0.9132366727573706
gga_gem,1,0.004,2.0,up,0.6528830652747702,0.10270836271352521,-0.2770364110109041,-0.07161968558385368,0.652883065302567
gga_gem,1,0.004,3.2,up,0.09698067505739406,0.012429773850466824,-0.04081572533325354,-0.0010404490117597032,0.09698067508896525
gga_gem,1,0.004,3.2,down,0.09696438181131728,0.01242765918631573,-0.04080875334137703,-0.0010402439451666842,0.09696438181498733
gga_gem,1,0.004,2.0,down,0.6528814278700158,0.10270811035505227,-0.27703571638755137,-0.07161949567744683,0.6528814289115877
gga_gem,1,0.004,1.0,down,0.9132357062407004,0.17636069915743718,-0.3875463592635812,-0.21118566010614404,0.9132357073497688
gga_gem,1,0.005,1.0,up,0.9132274308574481,0.17635690940903853,-0.38752220918811914,-0.2111652997790806,0.9132274312925526
gga_gem,1,0.005,2.0,up,0.6528106865772025,0.1026930074848926,-0.27697682299400966,-0.07159080802422446,0.6528106886160261
gga_gem,1,0.005,3.2,up,0.08790552093874224,0.011211451297195967,-0.036718796023463736,-0.0008421518724366431,0.08790552097391213
gga_gem,1,0.005,3.2,down,0.08788882589051746,0.011209259523625184,-0.03671160127698487,-0.0008419708013842758,0.08788882585844081
gga_gem,1,0.005,2.0,down,0.6528090424384894,0.10269275367408082,-0.27697612441019503,-0.0715906170620334,0.6528090430663691
gga_gem,1,0.005,1.0,down,0.9132264655987351,0.17635677732614105,-0.3875217991452027,-0.21116502181906163,0.9132264652790454
gga_gem,1,0.0065,1.0,up,0.9132097139397831,0.17634939200504846,-0.38747513800696576,-0.2111257460019173,0.9132097154403845
gga_gem,1,0.0065,2.0,up,0.6526718416362772,0.10266355488637643,-0.2768625540518131,-0.07153544427906022,0.6526718430248168
gga_gem,1,0.0065,3.2,up,0.08959270146946663,0.01131154242595828,-0.037054557224642556,-0.000857621461576058,0.08959270148803253
gga_gem,1,0.0065,3.2,down,0.0895853271069318,0.01131054302802721,-0.037051350884051364,-0.0008576131943642887,0.0895853271299973
gga_gem,1,0.0065,2.0,down,0.6526701816442806,0.10266329831563353,-0.2768618479433705,-0.07153525131210342,0.6526701800824025
gga_gem,1,0.0065,1.0,down,0.9132087510331993,0.17634925967879844,-0.38747472731135335,-0.2111254676325549,0.9132087479878669
gga_gem,1,0.008,1.0,up,0.9131873708637278,0.17633991204962737,-0.3874157906745391,-0.2110758786249117,0.9131873719563338
gga_gem,1,0.008,2.0,up,0.6524965439454461,0.10262637818707833,-0.27671836586463083,-0.07146560949047417,0.6524965448120287
gga_gem,1,0.008,3.2,up,0.09872760501962202,0.012358363282750582,-0.040574989072107735,-0.001028226567305869,0.09872760503956109
gga_gem,1,0.008,3.2,down,0.09872276718081469,0.012357690663295846,-0.04057287417044643,-0.0010282640478997199,0.0987227671403063
gga_gem,1,0.008,2.0,down,0.6524948588477926,0.10262611804517285,-0.27671765001932663,-0.07146541392898093,0.6524948593625693
gga_gem,1,0.008,1.0,down,0.9131864033751342,0.17633977939231069,-0.38741537908119955,-0.21107559968888887,0.9131864025136848
gga_gem,1,0.01,1.0,up,0.9131503763001401,0.17632421746057203,-0.3873175687409535,-0.2109933512803815,0.9131503748296718
gga_gem,1,0.01,2.0,up,0.652205826815602,0.10256474404010148,-0.27647943933014296,-0.07134995124994001,0.6522058258286411
gga_gem,1,0.01,3.2,up,0.11275421317219678,0.013976565765017691,-0.04604917737475419,-0.0013241669266975745,0.11275421324846276
gga_gem,1,0.01,3.2,down,0.11275111279292549,0.01397612315870624,-0.046047814973437635,-0.001324220865577666,0.11275111273003431
gga_gem,1,0.01,2.0,down,0.6522041054387236,0.10256447797660745,-0.27647870734375385,-0.07134975139053895,0.6522041030924133
gga_gem,1,0.01,1.0,down,0.9131494019468056,0.1763240842775761,-0.3873171557319718,-0.2109930714543957,0.9131494022594453
gga_gem,1,0.015,1.0,up,0.9130217703803338,0.17626968706416482,-0.3869765987490165,-0.2107069116848517,0.9130217678005288
gga_gem,1,0.015,2.0,up,0.6511908680850417,0.10234976296135462,-0.27564721708385526,-0.07094769116114602,0.6511908687725189
gga_gem,1,0.015,3.2,up,0.14793878466025906,0.017967500184047868,-0.05972203963129486,-0.002226039042341678,0.147938784587157
gga_gem,1,0.015,3.2,down,0.1479367480121394,0.017967195438391082,-0.059721136726841435,-0.0022261113239899696,0.14793674800933992
gga_gem,1,0.015,2.0,down,0.6511890061176151,0.1023494751012619,-0.2756464256986552,-0.07094747549613142,0.6511890089282015
gga_gem,1,0.015,1.0,down,0.9130207870465346,0.17626955204514488,-0.386976180801563,-0.2107066287564181,0.9130207843255467
gga_gem,1,0.02,1.0,up,0.9128413591729956,0.17619325395043045,-0.38649945456716817,-0.21030620061673772,0.9128413591729957
gga_gem,1,0.02,2.0,up,0.6497603109742932,0.10204673279173554,-0.2744773066266642,-0.07038384104319312,0.6497603109742932
gga_gem,1,0.02,3.2,up,0.18113833369970042,0.021621311435658756,-0.07246325299429936,-0.003275056400191337,0.18113833369970042
gga_gem,1,0.02,3.2,down,0.18113655099100112,0.02162103553591978,-0.07246245754123996,-0.0032751438262966642,0.1811365509910011
gga_gem,1,0.02,2.0,down,0.6497589269234015,0.10204651792371539,-0.27447671650740246,-0.07038368065997169,0.6497589269234015
gga_gem,1,0.02,1.0,down,0.9128403610714387,0.17619311643722543,-0.38649902996804236,-0.21030591353081693,0.9128403610714386
gga_gem,1,0.025,1.0,up,0.9126095809886504,0.1760948820205409,-0.3858866903728637,-0.2097918083523228,0.9126095809886503
gga_gem,1,0.025,2.0,up,0.647981615864401,0.10166224057724613,-0.27299785756339395,-0.0696733764089017,0.647981615864401
gga_gem,1,0.025,3.2,up,0.21237753126862674,0.024958512004140235,-0.08429603876283737,-0.004428800349588605,0.21237753126862677
gga_gem,1,0.025,3.2,down,0.21237613555322069,0.0249582901714452,-0.08429541276196467,-0.004428884213340034,0.21237613555322069
gga_gem,1,0.025,2.0,down,0.6479800486675699,0.10166199623862557,-0.2729971876255833,-0.06967319514833215,0.6479800486675698
gga_gem,1,0.025,1.0,down,0.9126085629317477,0.17609474112069823,-0.3858862567154585,-0.20979151559476028,0.9126085629317477
gga_gem,1,0.03,1.0,up,0.9123349989605293,0.1759750773475975,-0.38514244369213374,-0.20916736634453623,0.9123349989605292
gga_gem,1,0.03,2.0,up,0.6462057905002512,0.10123454713888472,-0.27135883371800096,-0.06888973944023152,0.6462057905002513
gga_gem,1,0.03,3.2,up,0.24196192454464907,0.0280304749595739,-0.09536094538104888,-0.005663425510412393,0.24196192454464915
gga_gem,1,0.03,3.2,down,0.24196042930391942,0.028030231982051314,-0.09536027181662113,-0.005663529474056919,0.24196042930391942
gga_gem,1,0.03,2.0,down,0.6462040975239751,0.10123428139986441,-0.27135810774003527,-0.06888954494030644,0.6462040975239751
gga_gem,1,0.03,1.0,down,0.9123339580781676,0.1759749324822221,-0.3851419996044801,-0.209167067122258,0.912333958078168
gga_gem,1,0.05,1.0,up,0.9127479761194897,0.17541624076310292,-0.3816999407699695,-0.20628370000686658,0.9127479761194894
gga_gem,1,0.05,2.0,up,0.6560666638283899,0.10104213876823198,-0.27062373550691843,-0.06853945797045446,0.6560666638283899
gga_gem,1,0.05,3.2,up,0.348183258090398,0.038383494683844006,-0.1339664408866954,-0.011139257898394567,0.348183258090398
gga_gem,1,0.05,3.2,down,0.3481824753623851,0.03838335893787754,-0.13396608380363753,-0.011139335202429393,0.34818247536238506
gga_gem,1,0.05,2.0,down,0.6560650832166453,0.10104187093185153,-0.2706230466889307,-0.06853930482522766,0.6560650832166453
gga_gem,1,0.05,1.0,down,0.9127470456581696,0.17541610572317903,-0.3816995402154679,-0.2062834344922889,0.9127470456581694
gga_gem,1,0.07,1.0,up,0.9261387923843676,0.17549878738145588,-0.3822043950406899,-0.20670560765923404,0.9261387923843675
gga_gem,1,0.07,2.0,up,0.7030322800331543,0.10456445655905734,-0.28430806020922234,-0.07517914709110765,0.7030322800331544
gga_gem,1,0.07,3.2,up,0.44116812734822597,0.04663661829912501,-0.16634920467096545,-0.017112026113765416,0.4411681273482259
gga_gem,1,0.07,3.2,down,0.4411671453372286,0.046636439816187196,-0.16634875297435103,-0.017112145562552,0.4411671453372286
gga_gem,1,0.07,2.0,down,0.7030314596900096,0.10456430151284592,-0.284307696986628,-0.07517909396093617,0.7030314596900096
gga_gem,1,0.07,1.0,down,0.9261384924158846,0.17549873951525485,-0.3822042643689136,-0.20670552485365873,0.9261384924158846
gga_gem,1,0.1,1.0,up,0.9795658601750209,0.17757696692088665,-0.3951790324992066,-0.21760206557831996,0.9795658601750207
gga_gem,1,0.1,2.0,up,0.7971856157469145,0.11170801801472546,-0.3136539541302406,-0.09023791810078968,0.7971856157469143
gga_gem,1,0.1,3.2,up,0.5647391300938411,0.05654472978611849,-0.20739349781822772,-0.02645036250264854,0.564739130093841
gga_gem,1,0.1,3.2,down,0.5647385649061981,0.05654462112259546,-0.20739323582510286,-0.02645044823279738,0.5647385649061982
gga_gem,1,0.1,2.0,down,0.7971852658835816,0.11170794286370178,-0.3136537963699273,-0.09023791064252373,0.7971852658835816
gga_gem,1,0.1,1.0,down,0.9795652963833568,0.17757685923166583,-0.39517878242238325,-0.21760192319071742,0.9795652963833568
gga_gem,1,0.15,1.0,up,1.1019750744846954,0.1827471347501078,-0.428036257831267,-0.2452891230811592,1.1019750744846957
gga_gem,1,0.15,2.0,up,0.9536745718979373,0.12202186067995734,-0.36028560024413997,-0.1162418788842253,0.9536745718979375
gga_gem,1,0.15,3.2,up,0.7406453868822546,0.06868643271546053,-0.2615742381850516,-0.04177765349557788,0.7406453868822547
gga_gem,1,0.15,3.2,down,0.7687176496407904,0.07286535514404284,-0.26623019200636505,-0.03306105554542793,0.7687176496407901
gga_gem,1,0.15,2.0,down,0.9536743807526455,0.12202181326164149,-0.36028551238345513,-0.11624188586017214,0.9536743807526457
gga_gem,1,0.15,1.0,down,1.1019748668294127,0.1827470867218223,-0.4280361635337576,-0.24528907681193532,1.101974866829413
gga_gem,1,0.2,1.0,up,1.2189398782097864,0.18804338241569152,-0.45615148861309973,-0.2681081061974082,1.218939878209786
gga_gem,1,0.2,2.0,up,1.0899948308149643,0.12951547565019658,-0.39646540074729536,-0.1374344494469022,1.0899948308149643
gga_gem,1,0.2,3.2,up,0.8846152409016136,0.0768009680191385,-0.3007435422633369,-0.05498044460209367,0.8846152409016136
gga_gem,1,0.2,3.2,down,1.0941514260405578,0.07221417986140947,-0.3299903045802471,-0.09890492902373674,1.0941514260405576
gga_gem,1,0.2,2.0,down,1.089994558044434,0.12951540280799573,-0.39646527404576093,-0.13743446842976947,1.089994558044434
gga_gem,1,0.2,1.0,down,1.2189398346549227,0.1880433728607199,-0.4561514685278263,-0.26810809566710636,1.2189398346549225
gga_gem,3,0.001,1.0,up,0.7626692209148871,0.16698838635393076,-0.3829807868001147,-0.21599240044618395,0.9881776858065636
gga_gem,3,0.001,2.0,up,0.32882133728457025,0.08578624572343706,-0.26137652439716746,-0.08980403295029335,0.9718773108840467
gga_gem,3,0.001,3.2,up,0.006435141191557386,0.014197781320147537,-0.08555916061975649,-0.04012626039528437,0.9805576236189852
gga_gem,3,0.001,3.2,down,0.006435134831314043,0.014197776600643922,-0.08555915420362936,-0.040126269081568806,0.9805576727521286
gga_gem,3,0.001,2.0,down,0.32882076288858497,0.08578620700646133,-0.2613764183857187,-0.08980400437279601,0.9718770309167009
gga_gem,3,0.001,1.0,down,0.7626692499748596,0.16698838624661466,-0.38298078733165103,-0.21599240108503637,0.9881776791968805
gga_gem,3,0.002,1.0,up,0.7626092167951145,0.16698398974323328,-0.38296814805636287,-0.2159841583131296,0.9881661242209587
gga_gem,3,0.002,2.0,up,0.32858653049247527,0.08576197148167873,-0.2613088357758016,-0.08978489281244414,0.9718240161134244
gga_gem,3,0.002,3.2,up,0.012771702638445761,0.015074814790719497,-0.0883862209345654,-0.040146813604263004,0.9825850519170807
gga_gem,3,0.002,3.2,down,0.012771704503730403,0.015074821382826493,-0.08838622629781988,-0.0401467978727751,0.9825850083926054
gga_gem,3,0.002,2.0,down,0.32858596830412357,0.08576193005666574,-0.2613087269644653,-0.0897848668511338,0.9718237977597898
gga_gem,3,0.002,1.0,down,0.8802989524271052,0.17632986564539901,-0.4259888326170416,-0.2496589669716426,1.7208501498646425
gga_gem,3,0.003,1.0,up,0.7625090679176185,0.1669766543987587,-0.3829470736765549,-0.2159704192777962,0.9881469116475147
gga_gem,3,0.003,2.0,up,0.32819377186807586,0.0857213853447492,-0.26119567140466243,-0.08975290071516404,0.9717347669752525
gga_gem,3,0.003,3.2,up,0.01902389047258586,0.015911555439739853,-0.09109547190151653,-0.04017849449434899,0.9846930418162019
gga_gem,3,0.003,3.2,down,0.019023889829707402,0.015911558553227862,-0.09109546859916187,-0.040178481228832705,0.9846932159802839
gga_gem,3,0.003,2.0,down,0.328193765888906,0.0857213835154569,-0.2611956681576623,-0.08975290112674852,0.9717347593788682
gga_gem,3,0.003,1.0,down,0.7625092131564869,0.16697665453428304,-0.3829470774389275,-0.21597042290464444,0.9881468497234231
gga_gem,3,0.004,1.0,up,0.7623687752631073,0.16696637392615768,-0.38291755704405406,-0.21595118311789638,0.9881199864094847
gga_gem,3,0.004,2.0,up,0.32764090210722546,0.08566430231468918,-0.26103651472465705,-0.0897079100952787,0.9716087478050137
gga_gem,3,0.004,3.2,up,0.02520315465556221,0.01671224840033233,-0.0936988774678473,-0.04021968258678385,0.9868722006926154
gga_gem,3,0.004,3.2,down,0.025203148844612052,0.01671222942505316,-0.09369886584665656,-0.04021973168648643,0.9868724362730847
gga_gem,3,0.004,2.0,down,0.32764059164142156,0.08566427874398562,-0.26103645342084336,-0.08970789593287212,0.9716086248763753
gga_gem,3,0.004,1.0,down,0.7623688236582441,0.1669663734337038,-0.38291755814459144,-0.21595118471088764,0.9881201657544234
gga_gem,3,0.005,1.0,up,0.7621873367031798,0.16695314422140572,-0.38287956323815026,-0.21592641901674453,0.9880850785616199
gga_gem,3,0.005,2.0,up,0.3269246492807497,0.08559042335747415,-0.2608305588585063,-0.08964971214355802,0.9714449676771282
gga_gem,3,0.005,3.2,up,0.03131893233321943,0.01748052372636541,-0.09620664436267956,-0.040268968438310244,0.9891127916725587
gga_gem,3,0.005,3.2,down,0.03131892824950525,0.017480522358403836,-0.09620663866827456,-0.04026896712138228,0.9891128581774403
gga_gem,3,0.005,2.0,down,0.3269241704870072,0.08559039013766127,-0.26083046931823395,-0.0896496890429114,0.9714447461097089
gga_gem,3,0.005,1.0,down,0.762187246408602,0.16695314500507044,-0.3828795609873533,-0.21592641598228288,0.98808494420323
gga_gem,3,0.0065,1.0,up,0.7618375622259271,0.16692773081493853,-0.38280663101509604,-0.21587890020015751,0.9880175208888071
gga_gem,3,0.0065,2.0,up,0.3255363307250191,0.08544738216253366,-0.2604318776970129,-0.08953711337194561,0.9711262086783125
gga_gem,3,0.0065,3.2,up,0.0403902539219046,0.01857879814410204,-0.09980769392358886,-0.040355539862462333,0.9925720360492021
gga_gem,3,0.0065,3.2,down,0.04039025404868773,0.018578797966023075,-0.09980769485815913,-0.04035554136688528,0.9925720197548915
gga_gem,3,0.0065,2.0,down,0.3255357701014977,0.08544734455109511,-0.260431774629994,-0.08953708552780379,0.9711259290486279
gga_gem,3,0.0065,1.0,down,0.7618375461166894,0.1669277321099998,-0.38280663112681573,-0.21587889901681592,0.988017476689485
gga_gem,3,0.008,1.0,up,0.7613935541368538,0.16689558839143098,-0.382714485451372,-0.215818897059941,0.9879318534094013
gga_gem,3,0.008,2.0,up,0.32378086317284765,0.08526529992890473,-0.2599249891397537,-0.08939438928194424,0.9707307024460221
gga_gem,3,0.008,3.2,up,0.04935717605758072,0.019619822264529116,-0.10323762570327198,-0.04045419445677881,0.9961280743020685
gga_gem,3,0.008,3.2,down,0.04935717616576666,0.019619854592354043,-0.10323762550919219,-0.04045409081365925,0.9961280792243056
gga_gem,3,0.008,2.0,down,0.32378022827115316,0.08526525493168904,-0.2599248688390087,-0.08939435897563064,0.9707304177865146
gga_gem,3,0.008,1.0,down,0.7613938373291661,0.16689558720865166,-0.3827144937156682,-0.21581890650701652,0.9879321054658701
gga_gem,3,0.01,1.0,up,0.760672250840618,0.1668421498845736,-0.3825619193719688,-0.2157197694873952,0.9878022233709567
gga_gem,3,0.01,2.0,up,0.3211493693151495,0.08497208650554326,-0.2591153253348673,-0.08917115232378078,0.9702714991753655
gga_gem,3,0.01,3.2,up,0.0611785185222624,0.020931037346542697,-0.10757922200989202,-0.04059990250095538,1.0009850833632548
gga_gem,3,0.01,3.2,down,0.06117851893779791,0.020931036916285957,-0.1075792219411815,-0.04059990380906643,1.0009850930192412
gga_gem,3,0.01,2.0,down,0.32114868743943903,0.08497203359152992,-0.2591151884393548,-0.08917112125629498,0.970271259013725
gga_gem,3,0.01,1.0,down,0.7606724837106059,0.1668421483770989,-0.3825619246154746,-0.2157197762383757,0.9878021965272235
gga_gem,3,0.015,1.0,up,0.7608635477722541,0.1666566395671051,-0.3820854097334214,-0.2154287701663163,0.9890941223157933
gga_gem,3,0.015,2.0,up,0.3220119155863932,0.08438792892366309,-0.2576930287999395,-0.08891717095261331,0.9749808167732446
gga_gem,3,0.015,3.2,up,0.09022043280766384,0.023902326738900158,-0.11749550733243931,-0.041008061767958806,1.0134720941439475
gga_gem,3,0.015,3.2,down,0.12199510964243482,0.01827824164198121,-0.11931438866102169,-0.06082401540668182,3.328071656264612
gga_gem,3,0.015,2.0,down,0.3220102952681084,0.08438774265611185,-0.2576926053306595,-0.08891712001843582,0.9749807252235143
gga_gem,3,0.015,1.0,down,0.7608635172429167,0.1666566394197992,-0.3820854088076372,-0.215428769387838,0.9890941107738503
gga_gem,3,0.02,1.0,up,0.7740916921534183,0.16643722166841635,-0.3817129637371294,-0.21527574206871303,0.9993956239162018
gga_gem,3,0.02,2.0,up,0.3443041482271942,0.08458674623308098,-0.2587452353837252,-0.08957174291756323,0.9921069817410462
gga_gem,3,0.02,3.2,up,0.12481984752157596,0.026270968857481564,-0.12752607329954005,-0.04345897295559904,1.0385215606136402
gga_gem,3,0.02,3.2,down,0.6094725702632319,0.056275847070776305,-0.2472488740205549,-0.06716616339407072,0.6094725702702304
gga_gem,3,0.02,2.0,down,0.3443025204383544,0.08458650229489911,-0.25874472283686445,-0.08957171824706622,0.9921072460327471
gga_gem,3,0.02,1.0,down,0.7740917258827467,0.16643721995273486,-0.38171296059750043,-0.21527574064476557,0.9993956739711881
gga_gem,3,0.025,1.0,up,1.176643535156539,0.14461671686082578,-0.495829276677023,-0.3512125598161972,1.1766435351571691
gga_gem,3,0.025,2.0,up,0.37424188993012125,0.08535050056749835,-0.26132546135859125,-0.09062446022359455,1.0138871972892372
gga_gem,3,0.025,3.2,up,0.5391455605945495,0.051729123331648974,-0.20229206252645718,-0.036758867865180456,2.114930729190767
gga_gem,3,0.025,3.2,down,0.7715830506745663,0.07154074575456153,-0.3255936223926017,-0.0966632359780048,0.7715830506746244
gga_gem,3,0.025,2.0,down,0.4930081206713625,0.08574574982910366,-0.25942901249558153,-0.08793751283737422,1.605464859234778
gga_gem,3,0.025,1.0,down,0.7920387620253946,0.16629359398217913,-0.3814713144979861,-0.21517772051580697,1.0170828080051484
gga_gem,3,0.03,1.0,up,0.8089741786834925,0.1662869453713799,-0.38129234917263777,-0.21500540380125788,1.0367893950375813
gga_gem,3,0.03,2.0,up,0.40669277646868657,0.08642078440222846,-0.26457522777034664,-0.09173365896588973,1.0357758008986102
gga_gem,3,0.03,3.2,up,nan,nan,nan,nan,nan
gga_gem,3,0.03,3.2,down,0.4577032387589384,0.03769712556448122,-0.18324012629745934,-0.06260932449111944,2.2293435721587587
gga_gem,3,0.03,2.0,down,0.4066927809499186,0.08642079249346712,-0.26457522904391445,-0.0917336440569802,1.035775795715691
gga_gem,3,0.03,1.0,down,0.8089788768445325,0.16628654211041655,-0.3812924193202873,-0.21500587720987074,1.0368388567016682
gga_gem,3,0.05,1.0,up,0.8947101654112909,0.16718917667593258,-0.3828184042880563,-0.21562922761212372,1.046817520976249
gga_gem,3,0.05,2.0,up,0.6600133605759284,0.10186162073231635,-0.28889261212697104,-0.08516937066233835,1.7219614656358644
gga_gem,3,0.05,3.2,up,0.7240337095841549,0.06888063583684777,-0.28063328032699325,-0.0602152456490804,0.7240337095842588
gga_gem,3,0.05,3.2,down,0.8571952615270045,0.06712068366076986,-0.3474278687270812,-0.13264168101261764,0.8571952615282001
gga_gem,3,0.05,2.0,down,0.6203411327835993,0.06523295875245828,-0.25480960039948347,-0.1243436828945669,0.6203411327836346
gga_gem,3,0.05,1.0,down,1.1852619333241796,0.16531575853480843,-0.49694021873251676,-0.3316244601977083,1.185261933326485
gga_gem,3,0.07,1.0,up,1.0872565010837072,0.1554589129986128,-0.4516734547864006,-0.2962145417877878,1.0872565011210167
gga_gem,3,0.07,2.0,up,0.9266249710421841,0.09449760682408102,-0.37620268341505775,-0.1872074697668957,0.9266249710427477
gga_gem,3,0.07,3.2,up,0.8482028623167256,0.05679392713438531,-0.3349715764011996,-0.15323100957116662,0.8482028623172397
gga_gem,3,0.07,3.2,down,0.7541194055088715,0.06095729320826118,-0.2715000939210148,-0.07643675565457902,0.754119405510408
gga_gem,3,0.07,2.0,down,0.9398507068901374,0.1306544957555537,-0.38363012809269237,-0.12232113658158494,0.9398507068915235
gga_gem,3,0.07,1.0,down,1.1481036078850022,0.1891467383569071,-0.47844090189951527,-0.2892941635426082,1.148103607885523
gga_gem,3,0.1,1.0,up,0.9923606479799821,0.175531214259507,-0.4008219733477209,-0.22529075908821392,0.9923606480166227
gga_gem,3,0.1,2.0,up,0.9915128660171663,0.10178015309945442,-0.39328643803126395,-0.18972613183235512,0.9915128663748769
gga_gem,3,0.1,3.2,up,0.6062950948842155,0.04840671679988512,-0.22660832661950733,-0.07170683285987495,0.6062950948882595
gga_gem,3,0.1,3.2,down,0.6450342857676518,0.05547101949651363,-0.230454706443039,-0.05294744405419538,0.6450342857677551
gga_gem,3,0.1,2.0,down,0.8655501464346386,0.10524635802222092,-0.3401697293236883,-0.12967701327924644,0.8655501464403516
gga_gem,3,0.1,1.0,down,1.099897903147515,0.20141014051102296,-0.4467961334150111,-0.24538599290398816,1.099897903149526
gga_gem,3,0.15,1.0,up,1.1577496361049093,0.18884505920189998,-0.45317377646664964,-0.26432871726474966,1.157749636148558
gga_gem,3,0.15,2.0,up,1.131600812652008,0.14937414325996098,-0.43677434535410586,-0.1380260588341839,1.1316008129012864
gga_gem,3,0.15,3.2,up,0.9988068841152797,0.090191469113535,-0.34082255674006745,-0.05220985557675545,0.9988068843380995
gga_gem,3,0.15,3.2,down,1.006953382454593,0.09051125018715982,-0.3648339432346211,-0.07519794263570967,1.00695338245925
gga_gem,3,0.15,2.0,down,1.1151943651885938,0.148781887364355,-0.4270467389712778,-0.12948296424256783,1.1151943653825096
gga_gem,3,0.15,1.0,down,1.1919413269277557,0.1797396554321341,-0.46863110233546285,-0.28889144690332874,1.191941326931535
gga_gem,3,0.2,1.0,up,1.2695682432773543,0.17877205209221533,-0.4776146681221725,-0.2988426160299572,1.2695682436371185
gga_gem,3,0.2,2.0,up,1.0542617092356599,0.11582443772702754,-0.3798534398868432,-0.14820456443278815,1.054261710556456
gga_gem,3,0.2,3.2,up,0.8195335131017336,0.062373021352815174,-0.2692063669149156,-0.06961269858590705,0.819533513103509
gga_gem,3,0.2,3.2,down,1.0922849744670706,0.06829940468128122,-0.35373178396021726,-0.13517368898011733,1.0922849745164527
gga_gem,3,0.2,2.0,down,0.9994807500400478,0.11093762598954043,-0.3543391484785544,-0.13246389649947354,0.9994807500405457
gga_gem,3,0.2,1.0,down,1.135167894259935,0.1938834605948768,-0.4174239576596293,-0.2235404970647525,1.135167894274445
dmft_ed,1,0.0,1.0,up,0.22833962304031877,0.04750957827753646,-0.2879447026421202,-0.24043512436458372,
dmft_ed,1,0.0,2.0,up,0.0530304156771024,0.01153863782794496,-0.14442634996652726,-0.12134907431063734,
dmft_ed,1,0.0,3.2,up,0.0019498903545232455,0.0004117178037945231,-0.07416486637197062,-0.07284736939982814,
dmft_ed,1,0.0,3.2,down,0.0019498903545199743,0.0004117178037937987,-0.07416486637196801,-0.07284736939982785,
dmft_ed,1,0.0,2.0,down,0.05303041567735664,0.011538637828000301,-0.14442634996666256,-0.12134907431066197,
dmft_ed,1,0.0,1.0,down,0.2283396230078159,0.04750957827109352,-0.2879447026347632,-0.24043512436366965,
dmft_ed,3,0.0,1.0,up,0.6926965378535468,0.16735767059156276,-0.38292757465686605,-0.2155699040653033,
dmft_ed,3,0.0,2.0,up,0.2030134992578219,0.0815418555094821,-0.2508051330393525,-0.08772142202038827,
dmft_ed,3,0.0,3.2,up,0.008078458007999697,0.014770301940396646,-0.08268820215161661,-0.03542323594234734,
dmft_ed,3,0.0,3.2,down,0.008078458007999697,0.014770301940396646,-0.08268820215161661,-0.03542323594234734,
dmft_ed,3,0.0,2.0,down,0.2030134992578219,0.0815418555094821,-0.2508051330393525,-0.08772142202038827,
dmft_ed,3,0.0,1.0,down,0.6926965378535468,0.16735767059156276,-0.38292757465686605,-0.2155699040653033,
dmft_ed,5,0.0,1.0,up,0.7286656557800768,0.16684543632831347,-0.38230901123379235,-0.21546357490547888,
dmft_ed,5,0.0,2.0,up,0.27376231004743534,0.08511762486139052,-0.2591034071822805,-0.08886815745949944,
dmft_ed,5,0.0,3.2,up,0.007615208457596088,0.0147497370143366,-0.0826241035289042,-0.03542494508302708,
dmft_ed,5,0.0,3.2,down,0.007615208457596088,0.0147497370143366,-0.0826241035289042,-0.03542494508302708,
dmft_ed,5,0.0,2.0,down,0.27376231004743534,0.08511762486139052,-0.2591034071822805,-0.08886815745949944,
dmft_ed,5,0.0,1.0,down,0.7286656557891246,0.166845436330176,-0.3823090112353607,-0.2154635749051847,
gga_prof,1,0.01,1.0,grid,,0.1763253122725151,,-0.21099943701297308,
gga_prof,1,0.01,2.0,grid,,0.10256688077496,,-0.07135426899260744,
gga_prof,1,0.01,3.2,grid,,0.0015688950403793067,,-3.0806074551081863e-05,
gga_prof,1,0.011220184543019636,1.0,grid,,0.17631401348489006,,-0.21094008126295294,
gga_prof,1,0.011220184543019636,2.0,grid,,0.10252245265671169,,-0.07127102157981757,
gga_prof,1,0.011220184543019636,3.2,grid,,0.001746169399228312,,-3.82535834140274e-05,
gga_prof,1,0.012589254117941675,1.0,grid,,0.17629978577205985,,-0.21086536754608998,
gga_prof,1,0.012589254117941675,2.0,grid,,0.10246642748958466,,-0.07116615476796495,
gga_prof,1,0.012589254117941675,3.2,grid,,0.0019418699227154756,,-4.743216891966995e-05,
gga_prof,1,0.01412537544622754,1.0,grid,,0.1762818691513353,,-0.21077132598413784,
gga_prof,1,0.01412537544622754,2.0,grid,,0.1023957246772887,,-0.07103399768856233,
gga_prof,1,0.01412537544622754,3.2,grid,,0.0021575674539977864,,-5.8720270786460915e-05,
gga_prof,1,0.015848931924611134,1.0,grid,,0.1762593699373073,,-0.21065302988137358,
gga_prof,1,0.015848931924611134,2.0,grid,,0.10230651040422627,,-0.0708673672639164,
gga_prof,1,0.015848931924611134,3.2,grid,,0.0023949065454259163,,-7.257119944847901e-05,
gga_prof,1,0.01778279410038923,1.0,grid,,0.1762309991479708,,-0.21050411303186378,
gga_prof,1,0.01778279410038923,2.0,grid,,0.1021932573241137,,-0.07065662554064778,
gga_prof,1,0.01778279410038923,3.2,grid,,0.002655620589650116,,-8.950313894939832e-05,
gga_prof,1,0.0199526231496888,1.0,grid,,0.17619518916714716,,-0.2103166344405023,
gga_prof,1,0.0199526231496888,2.0,grid,,0.10204837163873222,,-0.07038838525169377,
gga_prof,1,0.0199526231496888,3.2,grid,,0.0029414003169395365,,-0.00011020344971823803,
gga_prof,1,0.0223872113856834,1.0,grid,,0.17615009624998493,,-0.21008070633720743,
gga_prof,1,0.0223872113856834,2.0,grid,,0.10185967177237439,,-0.07004214797321207,
gga_prof,1,0.0223872113856834,3.2,grid,,0.00325406794562835,,-0.0001354070416392794,
gga_prof,1,0.025118864315095794,1.0,grid,,0.17609321936287908,,-0.2097837188195777,
gga_prof,1,0.025118864315095794,2.0,grid,,0.10160533824271416,,-0.06958372859091488,
gga_prof,1,0.025118864315095794,3.2,grid,,0.00359543284386653,,-0.00016600452857162828,
gga_prof,1,0.028183829312644536,1.0,grid,,0.17602127520153235,,-0.20940945482992168,
gga_prof,1,0.028183829312644536,2.0,grid,,0.10124626148925829,,-0.06895460670801246,
gga_prof,1,0.028183829312644536,3.2,grid,,0.00396731743716015,,-0.00020303695721168857,
gga_prof,1,0.03162277660168379,1.0,grid,,0.17592965420069281,,-0.20893652941391627,
gga_prof,1,0.03162277660168379,2.0,grid,,0.10071109801928159,,-0.06805484162394548,
gga_prof,1,0.03162277660168379,3.2,grid,,0.004371555334753403,,-0.0002476837633311746,
gga_prof,1,0.03548133892335755,1.0,grid,,0.1758113829286776,,-0.20833569134295582,
gga_prof,1,0.03548133892335755,2.0,grid,,0.09987481888587528,,-0.06672057119830588,
gga_prof,1,0.03548133892335755,3.2,grid,,0.004809843975396728,,-0.0003014092276307778,
gga_prof,1,0.039810717055349734,1.0,grid,,0.17565481571185418,,-0.20756536648508916,
gga_prof,1,0.039810717055349734,2.0,grid,,0.09852757957088268,,-0.06469964955164431,
gga_prof,1,0.039810717055349734,3.2,grid,,0.0052839662968037285,,-0.00036578780866158844,
gga_prof,1,0.0446683592150963,1.0,grid,,0.1754404690669416,,-0.2065660277418222,
gga_prof,1,0.0446683592150963,2.0,grid,,0.0963422253040196,,-0.061648508796083856,
gga_prof,1,0.0446683592150963,3.2,grid,,0.005795574327634705,,-0.0004426580092486976,
gga_prof,1,0.05011872336272725,1.0,grid,,0.17513565525743813,,-0.20525324611604723,
gga_prof,1,0.05011872336272725,2.0,grid,,0.09289975403194772,,-0.05723913117210011,
gga_prof,1,0.05011872336272725,3.2,grid,,0.00634630721760619,,-0.0005340728047846799,
gga_prof,1,0.056234132519034905,1.0,grid,,0.17468771016977966,,-0.20351203340434365,
gga_prof,1,0.056234132519034905,2.0,grid,,0.08797646425553245,,-0.05157236616588645,
gga_prof,1,0.056234132519034905,3.2,grid,,0.0069375751789991,,-0.0006424735331118647,
gga_prof,1,0.06309573444801933,1.0,grid,,0.17401832149489838,,-0.20119846001686503,
gga_prof,1,0.06309573444801933,2.0,grid,,0.08217224238667235,,-0.04570261647405238,
gga_prof,1,0.06309573444801933,3.2,grid,,0.007570740036436899,,-0.0007705543571872031,
gga_prof,1,0.0707945784384138,1.0,grid,,0.17302324391064225,,-0.19815803931834242,
gga_prof,1,0.0707945784384138,2.0,grid,,0.07672552312520418,,-0.04093694780750168,
gga_prof,1,0.0707945784384138,3.2,grid,,0.008247388847948369,,-0.0009209880744898147,
gga_prof,1,0.07943282347242814,1.0,grid,,0.17158620587467305,,-0.1942707885368038,
gga_prof,1,0.07943282347242814,2.0,grid,,0.07230664824247021,,-0.03761446228877818,
gga_prof,1,0.07943282347242814,3.2,grid,,0.00896834091846339,,-0.0010974241924559536,
gga_prof,1,0.08912509381337459,1.0,grid,,0.16961344130460357,,-0.18951572423545726,
gga_prof,1,0.08912509381337459,2.0,grid,,0.0688998798180602,,-0.03542988456929774,
gga_prof,1,0.08912509381337459,3.2,grid,,0.009734808919802008,,-0.0013033750969315694,
gga_prof,1,0.1,1.0,grid,,0.16707863512011129,,-0.1840098351427406,
gga_prof,1,0.1,2.0,grid,,0.06630268022783413,,-0.03403876474120704,
gga_prof,1,0.1,3.2,grid,,0.010547816414394473,,-0.0015427026416945377,
gga_prof,1,0.11220184543019636,1.0,grid,,0.1640515831752767,,-0.17797104749994075,
gga_prof,1,0.11220184543019636,2.0,grid,,0.06433710012640742,,-0.03320126392416256,
gga_prof,1,0.11220184543019636,3.2,grid,,0.011408189417277564,,-0.0018196378757666665,
gga_prof,1,0.12589254117941676,1.0,grid,,0.16068901501463667,,-0.17161332464238555,
gga_prof,1,0.12589254117941676,2.0,grid,,0.06288272748246944,,-0.03275382807317406,
gga_prof,1,0.12589254117941676,3.2,grid,,0.012317130667151597,,-0.002137505604342893,
gga_prof,1,0.14125375446227548,1.0,grid,,0.15719875539413397,,-0.1650481132294832,
gga_prof,1,0.14125375446227548,2.0,grid,,0.06186556620620693,,-0.03256069929257466,
gga_prof,1,0.14125375446227548,3.2,grid,,0.01327667585263426,,-0.0024966715436349762,
gga_prof,1,0.1584893192461114,1.0,grid,,0.15380569664452812,,-0.15824684522390475,
gga_prof,1,0.1584893192461114,2.0,grid,,0.06124941328721106,,-0.03247347565907588,
gga_prof,1,0.1584893192461114,3.2,grid,,0.014291097145777169,,-0.0028890428811605418,
gga_prof,1,0.1778279410038923,1.0,grid,,0.15073091462570187,,-0.15105634169737447,
gga_prof,1,0.1778279410038923,2.0,grid,,0.06103361028514805,,-0.03229862809013362,
gga_prof,1,0.1778279410038923,3.2,grid,,0.015370273021889744,,-0.0032862216003568534,
gga_prof,1,0.19952623149688797,1.0,grid,,0.14818264836081987,,-0.14323928061209767,
gga_prof,1,0.19952623149688797,2.0,grid,,0.0612516788032104,,-0.03177410787053514,
gga_prof,1,0.19952623149688797,3.2,grid,,0.016534523939585252,,-0.0036204487642059746,
gga_prof,1,0.223872113856834,1.0,grid,,0.14634641374104831,,-0.1345175878746807,
gga_prof,1,0.223872113856834,2.0,grid,,0.06197003391624386,,-0.030558338695323206,
gga_prof,1,0.223872113856834,3.2,grid,,0.017821286808808193,,-0.0037577138736506477,
gga_prof,1,0.25118864315095807,1.0,grid,,0.14537510523789737,,-0.12461663249979571,
gga_prof,1,0.25118864315095807,2.0,grid,,0.06328325740858184,,-0.028235115701114033,
gga_prof,1,0.25118864315095807,3.2,grid,,0.019292887591736026,,-0.0034662495612929334,
gga_prof,1,0.2818382931264455,1.0,grid,,0.14537796249659654,,-0.1133070188446268,
gga_prof,1,0.2818382931264455,2.0,grid,,0.0653031185701327,,-0.024337133183977677,
gga_prof,1,0.2818382931264455,3.2,grid,,0.021042196455022612,,-0.002389742484265822,
gga_prof,1,0.31622776601683794,1.0,grid,,0.14641146575372185,,-0.10044113051575787,
gga_prof,1,0.31622776601683794,2.0,grid,,0.06814473928084003,,-0.018385807060201875,
gga_prof,1,0.31622776601683794,3.2,grid,,0.023194074864123327,,-3.49856517838365e-05,
gga_prof,1,0.35481338923357547,1.0,grid,,0.14847435055486094,,-0.08597948778889486,
gga_prof,1,0.35481338923357547,2.0,grid,,0.0719084536303456,,-0.00994384870585141,
gga_prof,1,0.35481338923357547,3.2,grid,,0.02590070929572517,,0.004216849947006551,
gga_prof,1,0.3981071705534973,1.0,grid,,0.15150822169538175,,-0.07000247855293074,
gga_prof,1,0.3981071705534973,2.0,grid,,0.07666189845769411,,0.001328056327059235,
gga_prof,1,0.3981071705534973,3.2,grid,,0.02932899116639936,,0.011068299900280687,
gga_prof,1,0.44668359215096326,1.0,grid,,0.15540422816769198,,-0.052705357220187654,
gga_prof,1,0.44668359215096326,2.0,grid,,0.08242533708279756,,0.01562049065166593,
gga_prof,1,0.44668359215096326,3.2,grid,,0.03364148332408343,,0.021235207528166766,
gga_prof,1,0.5011872336272725,1.0,grid,,0.1600146918072805,,-0.03437746320970858,
gga_prof,1,0.5011872336272725,2.0,grid,,0.08916223983368478,,0.03293996674888522,
gga_prof,1,0.5011872336272725,3.2,grid,,0.03897414491137852,,0.035357386107357947,
gga_prof,1,0.5623413251903491,1.0,grid,,0.16516852929340822,,-0.015370568967889575,
gga_prof,1,0.5623413251903491,2.0,grid,,0.09677778320779569,,0.05309714565762591,
gga_prof,1,0.5623413251903491,3.2,grid,,0.04541396277623519,,0.053903934687592026,
gga_prof,1,0.6309573444801932,1.0,grid,,0.17068704704135992,,0.003938027771437369,
gga_prof,1,0.6309573444801932,2.0,grid,,0.10512583279858059,,0.0757217761444533,
gga_prof,1,0.6309573444801932,3.2,grid,,0.05298184901985075,,0.07709319657966462,
gga_prof,1,0.707945784384138,1.0,grid,,0.17639842464214553,,0.02318043713304596,
gga_prof,1,0.707945784384138,2.0,grid,,0.11402232419257506,,0.1003012785566264,
gga_prof,1,0.707945784384138,3.2,grid,,0.061623976493991574,,0.10484365654253414,
gga_prof,1,0.7943282347242817,1.0,grid,,0.18214882512912925,,0.0420262043542633,
gga_prof,1,0.7943282347242817,2.0,grid,,0.1232630152256055,,0.1262354691919162,
gga_prof,1,0.7943282347242817,3.2,grid,,0.07121407860931298,,0.136767912238408,
gga_prof,1,0.8912509381337459,1.0,grid,,0.18780933501796768,,0.060200640887849155,
gga_prof,1,0.8912509381337459,2.0,grid,,0.132641927294061,,0.15289648342785744,
gga_prof,1,0.8912509381337459,3.2,grid,,0.08156560342243292,,0.1722101952827786,
gga_prof,1,1.0,1.0,grid,,0.1932788653161656,,0.07749321265348097,
gga_prof,1,1.0,2.0,grid,,0.14196745214977335,,0.17968341091605944,
gga_prof,1,1.0,3.2,grid,,0.09245163832261105,,0.2103198635579755,
gga_prof,1,1.1220184543019642,1.0,grid,,0.19848373096139596,,0.09375758071128659,
gga_prof,1,1.1220184543019642,2.0,grid,,0.15107404670425892,,0.20606413205103058,
gga_prof,1,1.1220184543019642,3.2,grid,,0.1036282174299506,,0.2501443436239499,
gga_prof,1,1.2589254117941675,1.0,grid,,0.20337501906254063,,0.1089057910377727,
gga_prof,1,1.2589254117941675,2.0,grid,,0.15982889017718224,,0.23160082638899648,
gga_prof,1,1.2589254117941675,3.2,grid,,0.11485670070730719,,0.290723075041458,
gga_prof,1,1.412537544622754,1.0,grid,,0.20792471828124454,,0.12289915463446782,
gga_prof,1,1.412537544622754,2.0,grid,,0.16813368205220286,,0.2559599203800199,
gga_prof,1,1.412537544622754,3.2,grid,,0.12592180494075547,,0.3311667861472354,
gga_prof,1,1.584893192461114,1.0,grid,,0.21212145721713435,,0.13573810724856672,
gga_prof,1,1.584893192461114,2.0,grid,,0.1759228602951227,,0.27890947386532705,
gga_prof,1,1.584893192461114,3.2,grid,,0.13664341381991194,,0.37071279402942303,
gga_prof,1,1.7782794100389228,1.0,grid,,0.21596645172659545,,0.1474520775366165,
gga_prof,1,1.7782794100389228,2.0,grid,,0.18315949107479865,,0.3003082734065635,
gga_prof,1,1.7782794100389228,3.2,grid,,0.14688210626013276,,0.40875402296741226,
gga_prof,1,1.9952623149688808,1.0,grid,,0.21946990727951257,,0.15809083319425765,
gga_prof,1,1.9952623149688808,2.0,grid,,0.18983006914097275,,0.32009063843353525,
gga_prof,1,1.9952623149688808,3.2,grid,,0.15653925063445465,,0.44484503811432186,
gga_prof,1,2.23872113856834,1.0,grid,,0.22264807246856427,,0.1677171824679886,
gga_prof,1,2.23872113856834,2.0,grid,,0.19593915113353447,,0.338250081173036,
gga_prof,1,2.23872113856834,3.2,grid,,0.16555340543456187,,0.4786913210578301,
gga_prof,1,2.5118864315095824,1.0,grid,,0.22552091226804147,,0.1764012795035549,
gga_prof,1,2.5118864315095824,2.0,grid,,0.20150441601648408,,0.3548238936122836,
gga_prof,1,2.5118864315095824,3.2,grid,,0.17389459153010575,,0.5101284731298847,
gga_prof,1,2.818382931264455,1.0,grid,,0.22811035787032743,,0.18421635703694572,
gga_prof,1,2.818382931264455,2.0,grid,,0.2065524504006894,,0.36987976698239533,
gga_prof,1,2.818382931264455,3.2,grid,,0.18155784246974033,,0.5390973248644122,
gga_prof,1,3.1622776601683795,1.0,grid,,0.23043903741309843,,0.1912356641102506,
gga_prof,1,3.1622776601683795,2.0,grid,,0.2111153562850725,,0.38350496467550754,
gga_prof,1,3.1622776601683795,3.2,grid,,0.18855692074764546,,0.5656189261418141,
gga_prof,1,3.548133892335757,1.0,grid,,0.23252938779170565,,0.19753034782029932,
gga_prof,1,3.548133892335757,2.0,grid,,0.21522814513743577,,0.39579774433773107,
gga_prof,1,3.548133892335757,3.2,grid,,0.19491876923867593,,0.5897719950703344,
gga_prof,1,3.981071705534973,1.0,grid,,0.2344030649922371,,0.2031681886312665,
gga_prof,1,3.981071705534973,2.0,grid,,0.2189268235702463,,0.40686115303447257,
gga_prof,1,3.981071705534973,3.2,grid,,0.20067892094335416,,0.6116740866945501,
gga_prof,1,4.4668359215096345,1.0,grid,,0.23608057450910808,,0.2082126498637103,
gga_prof,1,4.4668359215096345,2.0,grid,,0.22224704144705856,,0.41679850692642806,
gga_prof,1,4.4668359215096345,3.2,grid,,0.20587789245788365,,0.6314664077958657,
gga_prof,1,5.011872336272725,1.0,grid,,0.23758106198077392,,0.21272257835708935,
gga_prof,1,5.011872336272725,2.0,grid,,0.2252231847864626,,0.42571029705691343,
gga_prof,1,5.011872336272725,3.2,grid,,0.2105584764362343,,0.6493024913805557,
gga_prof,1,5.62341325190349,1.0,grid,,0.23892221659149665,,0.21675204629205108,
gga_prof,1,5.62341325190349,2.0,grid,,0.22788780450324328,,0.4336923409910797,
gga_prof,1,5.62341325190349,3.2,grid,,0.2147637902245651,,0.6653398304064675,
gga_prof,1,6.309573444801936,1.0,grid,,0.24012025275914992,,0.22035037294093673,
gga_prof,1,6.309573444801936,2.0,grid,,0.23027129117363296,,0.440834399654623,
gga_prof,1,6.309573444801936,3.2,grid,,0.21853593400602522,,0.6797340151744153,
gga_prof,1,7.07945784384138,1.0,grid,,0.24118994235940022,,0.22356246972545812,
gga_prof,1,7.07945784384138,2.0,grid,,0.2324017251665936,,0.44721973305525464,
gga_prof,1,7.07945784384138,3.2,grid,,0.22191511341508957,,0.6926350121528009,
gga_prof,1,7.943282347242821,1.0,grid,,0.24214467981369572,,0.22642882769091727,
gga_prof,1,7.943282347242821,2.0,grid,,0.23430484729071005,,0.45292486232428064,
gga_prof,1,7.943282347242821,3.2,grid,,0.22493911127175664,,0.7041844733573104,
gga_prof,1,8.91250938133746,1.0,grid,,0.24299656608045253,,0.22898600606575292,
gga_prof,1,8.91250938133746,2.0,grid,,0.23600411106101024,,0.4580195930984775,
gga_prof,1,8.91250938133746,3.2,grid,,0.22764301017183197,,0.7145145710130891,
gga_prof,1,10.0,1.0,grid,,0.24375650208559332,,0.23126685016373538,
gga_prof,1,10.0,2.0,grid,,0.23752078485993422,,0.46256752046677796,
gga_prof,1,10.0,3.2,grid,,0.23005909047315493,,0.7237472909538354,
gga_prof,3,0.01,1.0,grid,,0.1668433806534788,,-0.21572545901352536,
gga_prof,3,0.01,2.0,grid,,0.08495289566657252,,-0.0891498880462045,
gga_prof,3,0.01,3.2,grid,,0.01327957881437121,,-0.04012031178922171,
gga_prof,3,0.011220184543019636,1.0,grid,,0.16680472643348948,,-0.21565352613608257,
gga_prof,3,0.011220184543019636,2.0,grid,,0.08471755928953267,,-0.08896345280122686,
gga_prof,3,0.011220184543019636,3.2,grid,,0.0132800640921548,,-0.04012030316194637,
gga_prof,3,0.012589254117941675,1.0,grid,,0.16675578216447795,,-0.21556252678437327,
gga_prof,3,0.012589254117941675,2.0,grid,,0.08440510157430388,,-0.08871396386975139,
gga_prof,3,0.012589254117941675,3.2,grid,,0.013280613902480929,,-0.04012026810037406,
gga_prof,3,0.01412537544622754,1.0,grid,,0.16669363979498555,,-0.21544703890899242,
gga_prof,3,0.01412537544622754,2.0,grid,,0.08397945658698824,,-0.08837056894543593,
gga_prof,3,0.01412537544622754,3.2,grid,,0.013281265824078145,,-0.04012022281716532,
gga_prof,3,0.015848931924611134,1.0,grid,,0.16661437438976862,,-0.2152996846775257,
gga_prof,3,0.015848931924611134,2.0,grid,,0.0833875412912716,,-0.08789026770327357,
gga_prof,3,0.015848931924611134,3.2,grid,,0.01328199028851041,,-0.04012019579465953,
gga_prof,3,0.01778279410038923,1.0,grid,,0.16651249569483975,,-0.21511018151510253,
gga_prof,3,0.01778279410038923,2.0,grid,,0.08257188983149444,,-0.0872375655059805,
gga_prof,3,0.01778279410038923,3.2,grid,,0.013282828326074466,,-0.04012013702448369,
gga_prof,3,0.0199526231496888,1.0,grid,,0.1663800955350213,,-0.21486430658238187,
gga_prof,3,0.0199526231496888,2.0,grid,,0.08151056029753842,,-0.08642992453151632,
gga_prof,3,0.0199526231496888,3.2,grid,,0.013283793265089522,,-0.0401200473483303,
gga_prof,3,0.0223872113856834,1.0,grid,,0.16620589864135488,,-0.21454472617076803,
gga_prof,3,0.0223872113856834,2.0,grid,,0.08023553982615067,,-0.08554128651831272,
gga_prof,3,0.0223872113856834,3.2,grid,,0.01328490092485545,,-0.04011994512037487,
gga_prof,3,0.025118864315095794,1.0,grid,,0.16597558134019508,,-0.21413645807346104,
gga_prof,3,0.025118864315095794,2.0,grid,,0.07878172475858058,,-0.08462488589947004,
gga_prof,3,0.025118864315095794,3.2,grid,,0.013286190639229967,,-0.04011981901553496,
gga_prof,3,0.028183829312644536,1.0,grid,,0.16567457146107187,,-0.2136336805787855,
gga_prof,3,0.028183829312644536,2.0,grid,,0.07714741176528071,,-0.08367452500589101,
gga_prof,3,0.028183829312644536,3.2,grid,,0.013287708072617985,,-0.040119633774100105,
gga_prof,3,0.03162277660168379,1.0,grid,,0.165290977442701,,-0.21303241923317906,
gga_prof,3,0.03162277660168379,2.0,grid,,0.07530525078686111,,-0.0826521381283365,
gga_prof,3,0.03162277660168379,3.2,grid,,0.01328946308499835,,-0.04011940882856013,
gga_prof,3,0.03548133892335755,1.0,grid,,0.16481436750241296,,-0.21231561043856484,
gga_prof,3,0.03548133892335755,2.0,grid,,0.07322329903039497,,-0.08151770237432099,
gga_prof,3,0.03548133892335755,3.2,grid,,0.01329154734500153,,-0.04011909415513171,
gga_prof,3,0.039810717055349734,1.0,grid,,0.1642326378952562,,-0.21145013482372832,
gga_prof,3,0.039810717055349734,2.0,grid,,0.0708803979425056,,-0.08024572703471744,
gga_prof,3,0.039810717055349734,3.2,grid,,0.013294019136750278,,-0.04011866779346107,
gga_prof,3,0.0446683592150963,1.0,grid,,0.16353036080301414,,-0.21039212195146695,
gga_prof,3,0.0446683592150963,2.0,grid,,0.06828439888132933,,-0.07883735537093939,
gga_prof,3,0.0446683592150963,3.2,grid,,0.013296978874596042,,-0.04011808356129731,
gga_prof,3,0.05011872336272725,1.0,grid,,0.16268871727701145,,-0.20909081957637543,
gga_prof,3,0.05011872336272725,2.0,grid,,0.06549147840273291,,-0.07733048631739159,
gga_prof,3,0.05011872336272725,3.2,grid,,0.013300562280944053,,-0.040117272496143164,
gga_prof,3,0.056234132519034905,1.0,grid,,0.16168647729662117,,-0.20749025453970715,
gga_prof,3,0.056234132519034905,2.0,grid,,0.06262495068080222,,-0.07580254331382719,
gga_prof,3,0.056234132519034905,3.2,grid,,0.013304947611252236,,-0.04011612877814108,
gga_prof,3,0.06309573444801933,1.0,grid,,0.16050182792565318,,-0.20553024776179174,
gga_prof,3,0.06309573444801933,2.0,grid,,0.05986544187794328,,-0.07435207399450805,
gga_prof,3,0.06309573444801933,3.2,grid,,0.013310410726348398,,-0.04011446219614534,
gga_prof,3,0.0707945784384138,1.0,grid,,0.15911529603628136,,-0.20314797641198457,
gga_prof,3,0.0707945784384138,2.0,grid,,0.05739892425323081,,-0.0730571260586712,
gga_prof,3,0.0707945784384138,3.2,grid,,0.0133174634660723,,-0.040111752275324264,
gga_prof,3,0.07943282347242814,1.0,grid,,0.15751403225034463,,-0.20028015972144297,
gga_prof,3,0.07943282347242814,2.0,grid,,0.055347918772813025,,-0.07193653798130129,
gga_prof,3,0.07943282347242814,3.2,grid,,0.01332696283131099,,-0.04010696109538259,
gga_prof,3,0.08912509381337459,1.0,grid,,0.15569754771287664,,-0.1968656651941756,
gga_prof,3,0.08912509381337459,2.0,grid,,0.053746698532540924,,-0.07094763861727627,
gga_prof,3,0.08912509381337459,3.2,grid,,0.013340865445948051,,-0.040097187027442915,
gga_prof,3,0.1,1.0,grid,,0.15368436832861845,,-0.1928480889095331,
gga_prof,3,0.1,2.0,grid,,0.052571538508199386,,-0.07001135146650217,
gga_prof,3,0.1,3.2,grid,,0.01336308022843555,,-0.04007609986176641,
gga_prof,3,0.11220184543019636,1.0,grid,,0.15151860091695268,,-0.1881765010910985,
gga_prof,3,0.11220184543019636,2.0,grid,,0.05178200561252688,,-0.06903428309435888,
gga_prof,3,0.11220184543019636,3.2,grid,,0.013401099642342377,,-0.04003073507368082,
gga_prof,3,0.12589254117941676,1.0,grid,,0.1492747571943905,,-0.18280268024706992,
gga_prof,3,0.12589254117941676,2.0,grid,,0.05134878650307958,,-0.06791490676973577,
gga_prof,3,0.12589254117941676,3.2,grid,,0.013467877456786324,,-0.03993748225735372,
gga_prof,3,0.14125375446227548,1.0,grid,,0.1470586376874588,,-0.17667450617865743,
gga_prof,3,0.14125375446227548,2.0,grid,,0.05126303522459523,,-0.06653857222533754,
gga_prof,3,0.14125375446227548,3.2,grid,,0.013583905388177631,,-0.03975696649510496,
gga_prof,3,0.1584893192461114,1.0,grid,,0.14500329885665386,,-0.16972619909820252,
gga_prof,3,0.1584893192461114,2.0,grid,,0.051538313919826405,,-0.06476822548921479,
gga_prof,3,0.1584893192461114,3.2,grid,,0.01377946442609763,,-0.039426855264503624,
gga_prof,3,0.1778279410038923,1.0,grid,,0.14325970201827068,,-0.16187057119118098,
gga_prof,3,0.1778279410038923,2.0,grid,,0.05220974455291877,,-0.062434382282160694,
gga_prof,3,0.1778279410038923,3.2,grid,,0.01409686875528517,,-0.03885270933471885,
gga_prof,3,0.19952623149688797,1.0,grid,,0.14198427222045681,,-0.15299610443349643,
gga_prof,3,0.19952623149688797,2.0,grid,,0.05333246076740918,,-0.05932640045509663,
gga_prof,3,0.19952623149688797,3.2,grid,,0.014592835578639149,,-0.037895896204134916,
gga_prof,3,0.223872113856834,1.0,grid,,0.1413242851384749,,-0.1429794312639252,
gga_prof,3,0.223872113856834,2.0,grid,,0.05497866234836156,,-0.055188538451057756,
gga_prof,3,0.223872113856834,3.2,grid,,0.015340592151724357,,-0.03635955544648639,
gga_prof,3,0.25118864315095807,1.0,grid,,0.1414170309522704,,-0.13166475631736496,
gga_prof,3,0.25118864315095807,2.0,grid,,0.057233349519118355,,-0.04972220468447741,
gga_prof,3,0.25118864315095807,3.2,grid,,0.016431348042432976,,-0.03397426468668452,
gga_prof,3,0.2818382931264455,1.0,grid,,0.14234966991744885,,-0.11894010513327413,
gga_prof,3,0.2818382931264455,2.0,grid,,0.0601871043359928,,-0.0426004590436313,
gga_prof,3,0.2818382931264455,3.2,grid,,0.017974464884932786,,-0.030386331052555615,
gga_prof,3,0.31622776601683794,1.0,grid,,0.14414599325393435,,-0.10480431913565624,
gga_prof,3,0.31622776601683794,2.0,grid,,0.06392554410654679,,-0.03349802085570053,
gga_prof,3,0.31622776601683794,3.2,grid,,0.020094959072072115,,-0.02515515360904308,
gga_prof,3,0.35481338923357547,1.0,grid,,0.1468197910786362,,-0.08925812904612762,
gga_prof,3,0.35481338923357547,2.0,grid,,0.06852612807583837,,-0.02208076878669596,
gga_prof,3,0.35481338923357547,3.2,grid,,0.0229275117663572,,-0.01776555088295595,
gga_prof,3,0.3981071705534973,1.0,grid,,0.15033170103949745,,-0.07238907323376442,
gga_prof,3,0.3981071705534973,2.0,grid,,0.07402775476147595,,-0.008130816599172475,
gga_prof,3,0.3981071705534973,3.2,grid,,0.026604946908104565,,-0.007663092534024418,
gga_prof,3,0.44668359215096326,1.0,grid,,0.1545902718918287,,-0.054388349365758204,
gga_prof,3,0.44668359215096326,2.0,grid,,0.08043121788484309,,0.00845745813291654,
gga_prof,3,0.44668359215096326,3.2,grid,,0.03125697396628794,,0.005742209047805424,
gga_prof,3,0.5011872336272725,1.0,grid,,0.15946619333286313,,-0.03552959704032821,
gga_prof,3,0.5011872336272725,2.0,grid,,0.08769673578848207,,0.02767454268997982,
gga_prof,3,0.5011872336272725,3.2,grid,,0.036974849931031596,,0.022931618810986265,
gga_prof,3,0.5623413251903491,1.0,grid,,0.16480791220932983,,-0.01613791463837766,
gga_prof,3,0.5623413251903491,2.0,grid,,0.09573195951850559,,0.049339020318900695,
gga_prof,3,0.5623413251903491,3.2,grid,,0.04380339701546187,,0.04424194845613405,
gga_prof,3,0.6309573444801932,1.0,grid,,0.1704552724194884,,0.003439586367120495,
gga_prof,3,0.6309573444801932,2.0,grid,,0.10440046775311818,,0.07311489136908467,
gga_prof,3,0.6309573444801932,3.2,grid,,0.05173335928756866,,0.06981152200715068,
gga_prof,3,0.707945784384138,1.0,grid,,0.17625248449154238,,0.022863850722332157,
gga_prof,3,0.707945784384138,2.0,grid,,0.11353269531369402,,0.0985413923180416,
gga_prof,3,0.707945784384138,3.2,grid,,0.06069116296617774,,0.09952384779670242,
gga_prof,3,0.7943282347242817,1.0,grid,,0.1820585929591916,,0.04182907947803427,
gga_prof,3,0.7943282347242817,2.0,grid,,0.12294079028454225,,0.12507712681613148,
gga_prof,3,0.7943282347242817,3.2,grid,,0.07054103213540365,,0.13299754357618943,
gga_prof,3,0.8912509381337459,1.0,grid,,0.18775443095630134,,0.06008000403960623,
gga_prof,3,0.8912509381337459,2.0,grid,,0.1324347442915159,,0.1521515819987327,
gga_prof,3,0.8912509381337459,3.2,grid,,0.08109562660996153,,0.16961459960122438,
gga_prof,3,1.0,1.0,grid,,0.19324591944590017,,0.07742048075050251,
gga_prof,3,1.0,2.0,grid,,0.1418369899178401,,0.1792143221827821,
gga_prof,3,1.0,3.2,grid,,0.09213325267201933,,0.2085812725719831,
gga_prof,3,1.1220184543019642,1.0,grid,,0.19846421384267474,,0.0937143046469332,
gga_prof,3,1.1220184543019642,2.0,grid,,0.15099340938717004,,0.20577415166270374,
gga_prof,3,1.1220184543019642,3.2,grid,,0.10341840217544283,,0.24900887860837084,
gga_prof,3,1.2589254117941675,1.0,grid,,0.2033634706726566,,0.10888021826074962,
gga_prof,3,1.2589254117941675,2.0,grid,,0.15977985782520543,,0.23142445990332072,
gga_prof,3,1.2589254117941675,3.2,grid,,0.11472181728995219,,0.2899983005772555,
gga_prof,3,1.412537544622754,1.0,grid,,0.2079171342529653,,0.1228833500830373,
gga_prof,3,1.412537544622754,2.0,grid,,0.1681043051752898,,0.2558541876405793,
gga_prof,3,1.412537544622754,3.2,grid,,0.12583697745548506,,0.33071356536941554,
gga_prof,3,1.584893192461114,1.0,grid,,0.21211613095398768,,0.13572799942660507,
gga_prof,3,1.584893192461114,2.0,grid,,0.17590515911292812,,0.27884621366938245,
gga_prof,3,1.584893192461114,3.2,grid,,0.13659108478124937,,0.3704344359989671,
gga_prof,3,1.7782794100389228,1.0,grid,,0.21596272882686857,,0.14744565824811223,
gga_prof,3,1.7782794100389228,2.0,grid,,0.18314777201256954,,0.30026849371872866,
gga_prof,3,1.7782794100389228,3.2,grid,,0.14685039298082653,,0.40858573311687607,
gga_prof,3,1.9952623149688808,1.0,grid,,0.21946728257225584,,0.15808688178063574,
gga_prof,3,1.9952623149688808,2.0,grid,,0.18982238800670184,,0.3200658231608795,
gga_prof,3,1.9952623149688808,3.2,grid,,0.15652068194351124,,0.4447458003894953,
gga_prof,3,2.23872113856834,1.0,grid,,0.22264581764287214,,0.16771534376645286,
gga_prof,3,2.23872113856834,2.0,grid,,0.19593378087594623,,0.33823422521771007,
gga_prof,3,2.23872113856834,3.2,grid,,0.16554260970495838,,0.4786332641536235,
gga_prof,3,2.5118864315095824,1.0,grid,,0.22551882708732102,,0.17640314596733914,
gga_prof,3,2.5118864315095824,2.0,grid,,0.20150016684026484,,0.3548141401854066,
gga_prof,3,2.5118864315095824,3.2,grid,,0.17388833536039378,,0.5100947273382688,
gga_prof,3,2.818382931264455,1.0,grid,,0.22810909529503806,,0.18421782530111402,
gga_prof,3,2.818382931264455,2.0,grid,,0.20655001164165068,,0.3698740493246643,
gga_prof,3,2.818382931264455,3.2,grid,,0.18155421285042148,,0.5390777576744239,
gga_prof,3,3.1622776601683795,1.0,grid,,0.23043832390011587,,0.1912364860072921,
gga_prof,3,3.1622776601683795,2.0,grid,,0.21111396808298125,,0.3835016936565271,
gga_prof,3,3.1622776601683795,3.2,grid,,0.1885548239933134,,0.5656076381674451,
gga_prof,3,3.548133892335757,1.0,grid,,0.23252898450621473,,0.19753086234198952,
gga_prof,3,3.548133892335757,2.0,grid,,0.21522735606660937,,0.3957958992062305,
gga_prof,3,3.548133892335757,3.2,grid,,0.19491756347764289,,0.5897655343811612,
gga_prof,3,3.981071705534973,1.0,grid,,0.23440283721023714,,0.20316849417806981,
gga_prof,3,3.981071705534973,2.0,grid,,0.21892637566836998,,0.4068601127315139,
gga_prof,3,3.981071705534973,3.2,grid,,0.20067823045915154,,0.6116703956433373,
gga_prof,3,4.4668359215096345,1.0,grid,,0.23608044585446297,,0.20821283056052908,
gga_prof,3,4.4668359215096345,2.0,grid,,0.22224678776271167,,0.4167979218700798,
gga_prof,3,4.4668359215096345,3.2,grid,,0.20587749845954587,,0.6314643447197167,
gga_prof,3,5.011872336272725,1.0,grid,,0.23758098936493335,,0.21272268525821342,
gga_prof,3,5.011872336272725,2.0,grid,,0.2252230413078537,,0.425710047769852,
gga_prof,3,5.011872336272725,3.2,grid,,0.2105582520752666,,0.6493013267556196,
gga_prof,3,5.62341325190349,1.0,grid,,0.2389221756643006,,0.21675216076998688,
gga_prof,3,5.62341325190349,2.0,grid,,0.22788772344837163,,0.43369221349866405,
gga_prof,3,5.62341325190349,3.2,grid,,0.21476366287748705,,0.6653391761112978,
gga_prof,3,6.309573444801936,1.0,grid,,0.2401202297023004,,0.22035048549769598,
gga_prof,3,6.309573444801936,2.0,grid,,0.23027124542678282,,0.4408343370880665,
gga_prof,3,6.309573444801936,3.2,grid,,0.21853586161256153,,0.679733686998783,
gga_prof,3,7.07945784384138,1.0,grid,,0.24118992937491152,,0.22356254546908017,
gga_prof,3,7.07945784384138,2.0,grid,,0.23240169913074915,,0.44721970392571087,
gga_prof,3,7.07945784384138,3.2,grid,,0.22191507244889977,,0.6926348363116913,
gga_prof,3,7.943282347242821,1.0,grid,,0.24214467244319837,,0.22642887899855274,
gga_prof,3,7.943282347242821,2.0,grid,,0.2343048326145962,,0.45292485075096767,
gga_prof,3,7.943282347242821,3.2,grid,,0.22493908812516084,,0.7041844639520937,
gga_prof,3,8.91250938133746,1.0,grid,,0.24299656189471025,,0.22898604157438163,
gga_prof,3,8.91250938133746,2.0,grid,,0.23600410279312614,,0.45801973416646113,
gga_prof,3,8.91250938133746,3.2,grid,,0.22764299699253296,,0.7145145800361822,
gga_prof,3,10.0,1.0,grid,,0.24375649975337305,,0.23126695508714024,
gga_prof,3,10.0,2.0,grid,,0.23752078022809198,,0.46256756486455075,
gga_prof,3,10.0,3.2,grid,,0.23005908296305938,,0.7237473260902426,
nrg,0,0.001,1.0,exact,,0.1668771712499999,-0.3830213775164332,-0.21701036445167066,
nrg,0,0.01,1.0,exact,,0.1666749676249999,-0.38255808113306056,-0.21673595888603026,
nrg,0,0.03,1.0,exact,,0.16536871325000002,-0.3789884409258454,-0.21453242867110123,
nrg,0,0.05,1.0,exact,,0.16299281237499996,-0.372314721692186,-0.21032236106144517,
nrg,0,0.1,1.0,exact,,0.15436821212499996,-0.3472585170007204,-0.19397294784334237,
nrg,0,0.12,1.0,exact,,0.15091650737499995,-0.336123311131096,-0.18627989029152178,
nrg,0,0.14,1.0,exact,,0.14788598949999998,-0.3252097330363419,-0.17833851682007948,
nrg,0,0.16,1.0,exact,,0.145406881,-0.3147556533896136,-0.170269347735821,
nrg,0,0.18,1.0,exact,,0.14352708037499995,-0.30484296780135195,-0.16211617897315217,
nrg,0,0.2,1.0,exact,,0.14223576875,-0.2954650585724322,-0.15389899730185655,
nrg,0,0.22,1.0,exact,,0.14148740525000003,-0.2865817572032671,-0.1456313654415227,
nrg,0,0.24,1.0,exact,,0.141223506,-0.2781405448298366,-0.13732933559983523,
nrg,0,0.26,1.0,exact,,0.14141733225000008,-0.2701167662531156,-0.12900523564876698,
nrg,0,0.28,1.0,exact,,0.14189878112499998,-0.26241291285946644,-0.12071129525157684,
nrg,0,0.3,1.0,exact,,0.14271847274999994,-0.2550572228207536,-0.11244829567899944,
nrg,0,0.35,1.0,exact,,0.14567054362499987,-0.23791210185956368,-0.09217961004506495,
nrg,0,0.4,1.0,exact,,nan,nan,nan,
nrg,0,0.5,1.0,exact,,0.15803106837499992,-0.19568392188880812,-0.03734796594544065,
nrg,0,0.6,1.0,exact,,0.16643695987499996,-0.1739364764071508,-0.007085412992068552,
nrg,0,0.7,1.0,exact,,0.17403317925000006,-0.1563090545362445,0.01829545896124271,
nrg,0,0.8,1.0,exact,,0.18068368675000002,-0.1420456686097076,0.039439558135279607,
nrg,0,0.9,1.0,exact,,0.1864546491250001,-0.1302652470691617,0.057232697845810976,
nrg,0,1.0,1.0,exact,,0.19146645499999992,-0.12005520347072965,0.07259914499482259,
nrg,0,2.0,1.0,exact,,0.218115706375,-0.06898561905215232,0.151227232015466,
nrg,0,0.001,2.0,exact,,0.0860145645,-0.262252320721907,-0.0944612749987529,
nrg,0,0.01,2.0,exact,,0.08505890225000001,-0.25964320684449843,-0.09378941839125673,
nrg,0,0.03,2.0,exact,,0.07781775412500003,-0.24009217426068033,-0.08915821593284229,
nrg,0,0.05,2.0,exact,,0.06761243525000005,-0.2130913230894359,-0.08296087681350595,
nrg,0,0.1,2.0,exact,,0.053856742624999954,-0.1777079267401886,-0.07477088553625268,
nrg,0,0.12,2.0,exact,,0.05243341950000002,-0.17333676208631213,-0.07299464164964686,
nrg,0,0.14,2.0,exact,,0.05184133462499996,-0.17062207824869588,-0.07114398717093899,
nrg,0,0.16,2.0,exact,,0.05198234687500003,-0.16901987113070177,-0.06896345119960293,
nrg,0,0.18,2.0,exact,,0.05251165800000002,-0.16784947432124617,-0.06640085979764387,
nrg,0,0.2,2.0,exact,,nan,nan,nan,
nrg,0,0.22,2.0,exact,,0.05460696849999991,-0.1661882251391238,-0.059909720756313206,
nrg,0,0.24,2.0,exact,,0.05603414250000005,-0.1654190850003461,-0.05596706686918747,
nrg,0,0.26,2.0,exact,,0.057665089749999954,-0.16460414217357972,-0.05157926634916428,
nrg,0,0.28,2.0,exact,,0.05948050699999996,-0.16371542662412356,-0.04676599377303778,
nrg,0,0.3,2.0,exact,,0.06145801900000003,-0.16273530663851093,-0.04155499553244282,
nrg,0,0.35,2.0,exact,,0.066988477125,-0.15984701981887994,-0.027021873616384112,
nrg,0,0.4,2.0,exact,,0.07306280074999993,-0.1563154023287996,-0.010892760949038544,
nrg,0,0.5,2.0,exact,,0.08592829099999999,-0.14787014414288105,0.02380857044701301,
nrg,0,0.6,2.0,exact,,0.09866689250000005,-0.13866989268627236,0.058704165421295806,
nrg,0,0.7,2.0,exact,,0.11055944124999995,-0.12979162164384017,0.0914975936026308,
nrg,0,0.8,2.0,exact,,0.12134366949999997,-0.12170063476494783,0.12131335760948986,
nrg,0,0.9,2.0,exact,,0.13097105850000001,-0.11471164645336433,0.14781762851871016,
nrg,0,1.0,2.0,exact,,0.13951524075,-0.10870382767558402,0.1712561878051269,
nrg,0,2.0,2.0,exact,,0.1878422463749999,-0.07283584518474318,0.30626011482302573,
nrg,0,0.001,3.2,exact,,0.01345241962499999,-0.0828218383893241,-0.050091345000430686,
nrg,0,0.01,3.2,exact,,0.013405068124999975,-0.08281342445357895,-0.049673396248002384,
nrg,0,0.03,3.2,exact,,0.01340204324999994,-0.08285901562054289,-0.04908293527659265,
nrg,0,0.05,3.2,exact,,0.013374026124999938,-0.08292309348857417,-0.04849114929716592,
nrg,0,0.1,3.2,exact,,0.013417340750000006,-0.08306747190959296,-0.04818940577972101,
nrg,0,0.12,3.2,exact,,0.01349231900000003,-0.08324634939889305,-0.04793551918174835,
nrg,0,0.14,3.2,exact,,0.013628353125000103,-0.08351740567478984,-0.04764460200549335,
nrg,0,0.16,3.2,exact,,0.01384902987500003,-0.08390593030329953,-0.04720838670853065,
nrg,0,0.18,3.2,exact,,0.01417743249999992,-0.08441697708148979,-0.046541279808893554,
nrg,0,0.2,3.2,exact,,0.014628364000000005,-0.08504484447429224,-0.04557623169690818,
nrg,0,0.22,3.2,exact,,0.01520631774999992,-0.08577792178688701,-0.044228863068770725,
nrg,0,0.24,3.2,exact,,0.015915238875000015,-0.08658904074336626,-0.042521424273218235,
nrg,0,0.26,3.2,exact,,0.016756101249999933,-0.0874562998749587,-0.040402032426994784,
nrg,0,0.28,3.2,exact,,0.01772948812499997,-0.08835480006437527,-0.037872938827663336,
nrg,0,0.3,3.2,exact,,nan,-0.08926141852117211,-0.034901505608151036,
nrg,0,0.35,3.2,exact,,0.02215214649999997,-0.0914465686560736,-0.025546282402729617,
nrg,0,0.4,3.2,exact,,0.026183296624999963,-0.09331899364058194,-0.013679251830250663,
nrg,0,0.5,3.2,exact,,0.035856523874999935,-0.09567175997727308,0.016443918835591542,
nrg,0,0.6,3.2,exact,,0.04680364925000002,-0.09605524302951639,0.052016565793900446,
nrg,0,0.7,3.2,exact,,nan,nan,nan,
nrg,0,0.8,3.2,exact,,nan,nan,nan,
nrg,0,0.9,3.2,exact,,nan,nan,nan,
nrg,0,1.0,3.2,exact,,nan,nan,nan,
nrg,0,2.0,3.2,exact,,nan,nan,nan,
