M_g,gauge,branch,U_over_D,T_over_D,observable,value_continuum,rel_Nk64,scaleaware_Nk64,gate_tol,Nk64_passes,note
1,R_native,insulator,2.0,0.001,Z_pole,9.796404898399666e-08,0.2241026836603883,4.3908012559102774e-07,0.001,0,near-Z=0: use scale-aware
1,R_native,insulator,2.0,0.001,Z_mats,9.79640489839963e-08,0.22410268366038683,4.3908012559102324e-07,0.001,0,near-Z=0: use scale-aware
1,R_native,insulator,2.0,0.001,D_occ,3.80674537535733e-13,-0.0014223013472142963,-1.0828678151745045e-14,0.001,0,near-Z=0: use scale-aware
1,R_native,insulator,2.0,0.001,n,0.9999999999999999,1.1102230246251568e-16,1.1102230246251568e-16,0.001,1,
1,R_native,insulator,2.0,0.001,Omega_over_D,-1.0050701226926329,4.874430136003611e-07,-4.874430136003611e-07,0.001,1,
1,R_native,insulator,2.0,0.001,E_kin_over_D,-0.008752442161707683,0.00011189112358992108,-1.958641175258541e-05,0.001,1,near-Z=0: use scale-aware
1,R_native,insulator,2.0,0.001,E_pot_over_D,7.61349075071466e-13,-0.0014223013472142963,-2.165735630349009e-14,0.001,0,near-Z=0: use scale-aware
1,R_native,insulator,2.0,0.001,E_tot_over_D,-0.008752442160946334,0.00011189112372333022,-1.9586411774234758e-05,0.001,1,near-Z=0: use scale-aware
1,R_native,insulator,2.0,0.01,Z_pole,1.0341394984791036e-07,0.022664226246214027,4.687594312735342e-08,0.001,0,near-Z=0: use scale-aware
1,R_native,insulator,2.0,0.01,Z_mats,1.0341394984790999e-07,0.02266422624621475,4.6875943127354746e-08,0.001,0,near-Z=0: use scale-aware
1,R_native,insulator,2.0,0.01,D_occ,4.816339632754929e-13,0.00015608714863176747,1.503537440237782e-15,0.001,1,near-Z=0: use scale-aware
1,R_native,insulator,2.0,0.01,n,1.0,0.0,0.0,0.001,1,
1,R_native,insulator,2.0,0.01,Omega_over_D,-1.0112942364492667,-1.5038185567006012e-09,1.5038185567006012e-09,0.001,1,
1,R_native,insulator,2.0,0.01,E_kin_over_D,-0.00872403507018924,-3.486116879524112e-07,6.082601183149405e-08,0.001,1,near-Z=0: use scale-aware
1,R_native,insulator,2.0,0.01,E_pot_over_D,9.632679265509859e-13,0.00015608714863176747,3.007074880475564e-15,0.001,1,near-Z=0: use scale-aware
1,R_native,insulator,2.0,0.01,E_tot_over_D,-0.008724035069225972,-3.486117052903457e-07,6.08260148499129e-08,0.001,1,near-Z=0: use scale-aware
1,R_native,insulator,2.5,0.001,Z_pole,1.2070716826074575e-07,-0.0031367851980135227,-7.572649173888699e-09,0.001,0,near-Z=0: use scale-aware
1,R_native,insulator,2.5,0.001,Z_mats,1.207071682607454e-07,-0.0031367851980150666,-7.572649173892405e-09,0.001,0,near-Z=0: use scale-aware
1,R_native,insulator,2.5,0.001,D_occ,4.35315876248058e-12,9.343925875332144e-06,8.135118560034229e-16,0.001,1,near-Z=0: use scale-aware
1,R_native,insulator,2.5,0.001,n,1.0,-1.1102230246251565e-16,-1.1102230246251565e-16,0.001,1,
1,R_native,insulator,2.5,0.001,Omega_over_D,-1.2552887950266225,6.025552126916228e-08,-6.025552126916228e-08,0.001,1,
1,R_native,insulator,2.5,0.001,E_kin_over_D,-0.00918954923804861,1.6452202281766344e-05,-3.0237664588525504e-06,0.001,1,near-Z=0: use scale-aware
1,R_native,insulator,2.5,0.001,E_pot_over_D,1.0882896906201451e-11,9.34392587529503e-06,2.0337796400004794e-15,0.001,1,near-Z=0: use scale-aware
1,R_native,insulator,2.5,0.001,E_tot_over_D,-0.009189549227165713,1.6452202290112668e-05,-3.0237664568055767e-06,0.001,1,near-Z=0: use scale-aware
1,R_native,insulator,2.5,0.01,Z_pole,8.877040535977991e-08,0.09475632453731475,1.682311467916058e-07,0.001,0,near-Z=0: use scale-aware
1,R_native,insulator,2.5,0.01,Z_mats,8.877040535977965e-08,0.09475632453731325,1.6823114679160263e-07,0.001,0,near-Z=0: use scale-aware
1,R_native,insulator,2.5,0.01,D_occ,4.335121416991155e-12,-0.0004389042843647062,-3.8054067263172283e-14,0.001,1,near-Z=0: use scale-aware
1,R_native,insulator,2.5,0.01,n,1.0,0.0,0.0,0.001,1,
1,R_native,insulator,2.5,0.01,Omega_over_D,-1.2615043989633392,-5.7957617001669134e-08,5.7957617001669134e-08,0.001,1,
1,R_native,insulator,2.5,0.01,E_kin_over_D,-0.009144133630079553,-1.5982557271163545e-05,2.922932788758381e-06,0.001,1,near-Z=0: use scale-aware
1,R_native,insulator,2.5,0.01,E_pot_over_D,1.0837803542477888e-11,-0.00043890428436466896,-9.513516815792263e-14,0.001,1,near-Z=0: use scale-aware
1,R_native,insulator,2.5,0.01,E_tot_over_D,-0.00914413361924175,-1.5982556769924592e-05,2.9229326936261457e-06,0.001,1,near-Z=0: use scale-aware
1,R_native,insulator,3.0,0.001,Z_pole,7.076955288452903e-08,0.009302606043645531,1.3166825407394236e-08,0.001,0,near-Z=0: use scale-aware
1,R_native,insulator,3.0,0.001,Z_mats,7.076955288452881e-08,0.009302606043645186,1.3166825407393706e-08,0.001,0,near-Z=0: use scale-aware
1,R_native,insulator,3.0,0.001,D_occ,2.68719492438545e-12,0.0010861744562267882,5.837524971539502e-14,0.001,0,near-Z=0: use scale-aware
1,R_native,insulator,3.0,0.001,n,1.0,-1.1102230246251565e-16,-1.1102230246251565e-16,0.001,1,
1,R_native,insulator,3.0,0.001,Omega_over_D,-1.5050605985188348,5.667601470687904e-08,-5.667601470687904e-08,0.001,1,
1,R_native,insulator,3.0,0.001,E_kin_over_D,-0.008733403627140554,1.9524132681425378e-05,-3.410242623534676e-06,0.001,1,near-Z=0: use scale-aware
1,R_native,insulator,3.0,0.001,E_pot_over_D,8.06158477315635e-12,0.001086174456226838,1.7512574914619315e-13,0.001,0,near-Z=0: use scale-aware
1,R_native,insulator,3.0,0.001,E_tot_over_D,-0.00873340361907897,1.9524131696759026e-05,-3.410242448396994e-06,0.001,1,near-Z=0: use scale-aware
1,R_native,insulator,3.0,0.01,Z_pole,4.072057691041282e-08,0.08388568736366403,6.831747167949852e-08,0.001,0,near-Z=0: use scale-aware
1,R_native,insulator,3.0,0.01,Z_mats,4.0720576910412666e-08,0.08388568736366321,6.831747167949759e-08,0.001,0,near-Z=0: use scale-aware
1,R_native,insulator,3.0,0.01,D_occ,2.632817186917212e-12,-0.0015047131608281067,-7.923269342417525e-14,0.001,0,near-Z=0: use scale-aware
1,R_native,insulator,3.0,0.01,n,1.0,0.0,0.0,0.001,1,
1,R_native,insulator,3.0,0.01,Omega_over_D,-1.5112848275429265,8.072026584795083e-08,-8.072026584795083e-08,0.001,1,
1,R_native,insulator,3.0,0.01,E_kin_over_D,-0.00870522688947415,2.801262751957435e-05,-4.877125566564444e-06,0.001,1,near-Z=0: use scale-aware
1,R_native,insulator,3.0,0.01,E_pot_over_D,7.898451560751636e-12,-0.0015047131608281578,-2.3769808027253383e-13,0.001,0,near-Z=0: use scale-aware
1,R_native,insulator,3.0,0.01,E_tot_over_D,-0.0087052268815757,2.801262891021552e-05,-4.877125804256255e-06,0.001,1,near-Z=0: use scale-aware
1,R_native,metal,2.0,0.001,Z_pole,0.5968492232427128,-0.0005392148728639454,-0.0005392148728639454,0.001,1,
1,R_native,metal,2.0,0.001,Z_mats,0.596849223242712,-0.0005392148728645043,-0.0005392148728645043,0.001,1,
1,R_native,metal,2.0,0.001,D_occ,0.09379980391696575,-0.0006617818771505529,-0.0006617818771505529,0.001,1,
1,R_native,metal,2.0,0.001,n,0.9999999999999996,-2.220446049250314e-16,-2.220446049250314e-16,0.001,1,
1,R_native,metal,2.0,0.001,Omega_over_D,-1.0614410531183225,-5.7378920957263676e-05,5.7378920957263676e-05,0.001,1,
1,R_native,metal,2.0,0.001,E_kin_over_D,-0.25095121101405066,-0.0008281317200562671,0.0008281317200562671,0.001,1,
1,R_native,metal,2.0,0.001,E_pot_over_D,0.1875996078339315,-0.0006617818771505529,-0.0006617818771505529,0.001,1,
1,R_native,metal,2.0,0.001,E_tot_over_D,-0.06335160318011915,-0.0013207343334995438,0.0013207343334995438,0.001,0,
1,R_native,metal,2.0,0.01,Z_pole,0.5951211897581942,-1.6944267211310464e-05,-1.6944267211310464e-05,0.001,1,
1,R_native,metal,2.0,0.01,Z_mats,0.5951211897581934,-1.6944267211310488e-05,-1.6944267211310488e-05,0.001,1,
1,R_native,metal,2.0,0.01,D_occ,0.09344424385670673,-2.165166591696768e-05,-2.165166591696768e-05,0.001,1,
1,R_native,metal,2.0,0.01,n,1.0000000000000002,-5.551115123125782e-16,-5.551115123125782e-16,0.001,1,
1,R_native,metal,2.0,0.01,Omega_over_D,-1.0620874921995487,-4.3557352975195955e-07,4.3557352975195955e-07,0.001,1,
1,R_native,metal,2.0,0.01,E_kin_over_D,-0.24970119949490563,-2.7937626734403318e-05,2.7937626734403318e-05,0.001,1,
1,R_native,metal,2.0,0.01,E_pot_over_D,0.18688848771341346,-2.165166591696768e-05,-2.165166591696768e-05,0.001,1,
1,R_native,metal,2.0,0.01,E_tot_over_D,-0.06281271178149217,-4.6640428725870066e-05,4.6640428725870066e-05,0.001,1,
1,R_native,metal,2.5,0.001,Z_pole,0.3786786946267426,-0.0010821770748399488,-0.0010821770748399488,0.001,0,
1,R_native,metal,2.5,0.001,Z_mats,0.37867869462674175,-0.0010821770748402444,-0.0010821770748402444,0.001,0,
1,R_native,metal,2.5,0.001,D_occ,0.05496235812212887,-0.00122095147565332,-0.00122095147565332,0.001,0,
1,R_native,metal,2.5,0.001,n,0.9999999999999999,1.1102230246251568e-16,1.1102230246251568e-16,0.001,1,
1,R_native,metal,2.5,0.001,Omega_over_D,-1.274087893009721,-2.423407124585457e-05,2.423407124585457e-05,0.001,1,
1,R_native,metal,2.5,0.001,E_kin_over_D,-0.1643054621976123,-0.0013237577318789388,0.0013237577318789388,0.001,0,
1,R_native,metal,2.5,0.001,E_pot_over_D,0.13740589530532218,-0.0012209514756533198,-0.0012209514756533198,0.001,0,
1,R_native,metal,2.5,0.001,E_tot_over_D,-0.026899566892290117,-0.0018489032011808377,0.0009946939067506655,0.001,0,near-Z=0: use scale-aware
1,R_native,metal,2.5,0.01,Z_pole,0.3724419269582257,1.292406723546835e-06,1.292406723546835e-06,0.001,1,
1,R_native,metal,2.5,0.01,Z_mats,0.3724419269582248,1.2924067233977917e-06,1.2924067233977917e-06,0.001,1,
1,R_native,metal,2.5,0.01,D_occ,0.05394313259810748,-8.648660725496262e-08,-8.648660725496262e-08,0.001,1,
1,R_native,metal,2.5,0.01,n,1.0000000000000007,-6.661338147750935e-16,-6.661338147750935e-16,0.001,1,
1,R_native,metal,2.5,0.01,Omega_over_D,-1.2750390430831224,-1.1702405339214668e-07,1.1702405339214668e-07,0.001,1,
1,R_native,metal,2.5,0.01,E_kin_over_D,-0.16100731778898575,-2.0800032058699046e-06,2.0800032058699046e-06,0.001,1,
1,R_native,metal,2.5,0.01,E_pot_over_D,0.1348578314952687,-8.648660722923592e-08,-8.648660722923592e-08,0.001,1,
1,R_native,metal,2.5,0.01,E_tot_over_D,-0.02614948629371705,-1.236094419732254e-05,6.464646817305741e-06,0.001,1,near-Z=0: use scale-aware
1,R_native,metal,3.0,0.001,Z_pole,0.11972610943721967,-0.0017940743818971512,-0.0017940743818971512,0.001,0,
1,R_native,metal,3.0,0.001,Z_mats,0.11972610943721926,-0.0017940743818966938,-0.0017940743818966938,0.001,0,
1,R_native,metal,3.0,0.001,D_occ,0.01621814643579969,-0.0018452859741334663,-0.0005985423628884767,0.001,0,near-Z=0: use scale-aware
1,R_native,metal,3.0,0.001,n,1.0,-8.881784197001252e-16,-8.881784197001252e-16,0.001,1,
1,R_native,metal,3.0,0.001,Omega_over_D,-1.506056550098723,-1.0028251732758122e-06,1.0028251732758122e-06,0.001,1,
1,R_native,metal,3.0,0.001,E_kin_over_D,-0.05842758171730113,-0.0016200106248968951,0.0016200106248968951,0.001,0,
1,R_native,metal,3.0,0.001,E_pot_over_D,0.04865443930739907,-0.0018452859741334663,-0.0017956270886654302,0.001,0,near-Z=0: use scale-aware
1,R_native,metal,3.0,0.001,E_tot_over_D,-0.009773142409902055,-0.0004985038108982918,9.74389747157578e-05,0.001,1,near-Z=0: use scale-aware
1,R_native,metal,3.0,0.01,Z_pole,0.14827757862853486,1.9160231055686088e-06,1.9160231055686088e-06,0.001,1,
1,R_native,metal,3.0,0.01,Z_mats,0.1482775786285344,1.916023105381428e-06,1.916023105381428e-06,0.001,1,
1,R_native,metal,3.0,0.01,D_occ,0.020569850450187964,1.8482752843298834e-06,7.603749237888868e-07,0.001,1,near-Z=0: use scale-aware
1,R_native,metal,3.0,0.01,n,1.0,2.220446049250313e-16,2.220446049250313e-16,0.001,1,
1,R_native,metal,3.0,0.01,Omega_over_D,-1.5082157762618422,-1.112649665970109e-08,1.112649665970109e-08,0.001,1,
1,R_native,metal,3.0,0.01,E_kin_over_D,-0.06870758124224234,1.547843253936941e-06,-1.547843253936941e-06,0.001,1,
1,R_native,metal,3.0,0.01,E_pot_over_D,0.06170955135056389,1.8482752843861056e-06,1.8482752843861056e-06,0.001,1,
1,R_native,metal,3.0,0.01,E_tot_over_D,-0.006998029891678449,-1.1014060486993304e-06,1.5415344903346728e-07,0.001,1,near-Z=0: use scale-aware
1,bare_native,insulator,1.0,0.001,Z_pole,2.7202998062093456e-08,23.39366808000275,1.2727558148911447e-05,0.001,0,near-Z=0: use scale-aware
1,bare_native,insulator,1.0,0.001,Z_mats,2.7202998062093356e-08,23.393668080002723,1.2727558148911384e-05,0.001,0,near-Z=0: use scale-aware
1,bare_native,insulator,1.0,0.001,D_occ,7.116630596615071e-12,-0.006017717876969306,-8.565175033007449e-13,0.001,0,near-Z=0: use scale-aware
1,bare_native,insulator,1.0,0.001,n,1.0000000000000004,-4.440892098500624e-16,-4.440892098500624e-16,0.001,1,
1,bare_native,insulator,1.0,0.001,Omega_over_D,-0.5043200131770789,-5.811955389906968e-08,5.811955389906968e-08,0.001,1,
1,bare_native,insulator,1.0,0.001,E_kin_over_D,-0.007252873426549464,-8.079632787601813e-06,1.172011078829499e-06,0.001,1,near-Z=0: use scale-aware
1,bare_native,insulator,1.0,0.001,E_pot_over_D,7.116630596615071e-12,-0.006017717876969306,-8.565175033007449e-13,0.001,0,near-Z=0: use scale-aware
1,bare_native,insulator,1.0,0.001,E_tot_over_D,-0.007252873419432834,-8.079626890956963e-06,1.17201022232713e-06,0.001,1,near-Z=0: use scale-aware
1,bare_native,insulator,1.0,0.01,Z_pole,0.00021638291794523877,0.011999280080361283,5.192878474061507e-05,0.001,0,near-Z=0: use scale-aware
1,bare_native,insulator,1.0,0.01,Z_mats,0.00021638291794523788,0.011999280080361583,5.192878474061615e-05,0.001,0,near-Z=0: use scale-aware
1,bare_native,insulator,1.0,0.01,D_occ,1.0619764806974188e-09,0.00033454440083209434,7.105565708653884e-12,0.001,1,near-Z=0: use scale-aware
1,bare_native,insulator,1.0,0.01,n,1.0,2.220446049250313e-16,2.220446049250313e-16,0.001,1,
1,bare_native,insulator,1.0,0.01,Omega_over_D,-0.5106185294391352,7.448775985098884e-07,-7.448775985098884e-07,0.001,1,
1,bare_native,insulator,1.0,0.01,E_kin_over_D,-0.0073732118093661385,0.00010313360506603493,-1.5208518296307844e-05,0.001,1,near-Z=0: use scale-aware
1,bare_native,insulator,1.0,0.01,E_pot_over_D,1.0619764806974188e-09,0.00033454440083209434,7.105565708653884e-12,0.001,1,near-Z=0: use scale-aware
1,bare_native,insulator,1.0,0.01,E_tot_over_D,-0.007373210747389658,0.0001031335717355291,-1.5208511190741708e-05,0.001,1,near-Z=0: use scale-aware
1,bare_native,insulator,2.0,0.001,Z_pole,8.780482526822933e-09,527.5959278562494,9.26509365152946e-05,0.001,0,near-Z=0: use scale-aware
1,bare_native,insulator,2.0,0.001,Z_mats,8.780482526822896e-09,527.5959278562491,9.265093651529416e-05,0.001,0,near-Z=0: use scale-aware
1,bare_native,insulator,2.0,0.001,D_occ,1.9636937434102614e-12,0.002635042519153579,1.0348833016963794e-13,0.001,0,near-Z=0: use scale-aware
1,bare_native,insulator,2.0,0.001,n,1.0000000000000004,-2.220446049250312e-16,-2.220446049250312e-16,0.001,1,
1,bare_native,insulator,2.0,0.001,Omega_over_D,-1.0042467567006241,4.145623383346924e-07,-4.145623383346924e-07,0.001,1,
1,bare_native,insulator,2.0,0.001,E_kin_over_D,-0.007106411452776367,0.0001171293627720514,-1.6647388901194077e-05,0.001,1,near-Z=0: use scale-aware
1,bare_native,insulator,2.0,0.001,E_pot_over_D,3.927387486820523e-12,0.002635042519153579,2.0697666033927589e-13,0.001,0,near-Z=0: use scale-aware
1,bare_native,insulator,2.0,0.001,E_tot_over_D,-0.00710641144884898,0.00011712936138044214,-1.664738869420687e-05,0.001,1,near-Z=0: use scale-aware
1,bare_native,insulator,2.0,0.01,Z_pole,8.02598421990691e-09,14.495357442216484,2.326790201862794e-06,0.001,0,near-Z=0: use scale-aware
1,bare_native,insulator,2.0,0.01,Z_mats,8.025984219906879e-09,14.495357442216484,2.3267902018627846e-06,0.001,0,near-Z=0: use scale-aware
1,bare_native,insulator,2.0,0.01,D_occ,4.1191055129423807e-14,-0.020040073050143267,-1.6509435076122633e-14,0.001,0,near-Z=0: use scale-aware
1,bare_native,insulator,2.0,0.01,n,1.0000000000000002,-4.440892098500625e-16,-4.440892098500625e-16,0.001,1,
1,bare_native,insulator,2.0,0.01,Omega_over_D,-1.0104411266575823,-5.60342093513052e-07,5.60342093513052e-07,0.001,1,
1,bare_native,insulator,2.0,0.01,E_kin_over_D,-0.007018531717140564,-0.00016128860914508362,2.264018437796514e-05,0.001,1,near-Z=0: use scale-aware
1,bare_native,insulator,2.0,0.01,E_pot_over_D,8.238211025884761e-14,-0.020040073050143267,-3.3018870152245266e-14,0.001,0,near-Z=0: use scale-aware
1,bare_native,insulator,2.0,0.01,E_tot_over_D,-0.007018531717058182,-0.0001612886089118009,2.264018434495335e-05,0.001,1,near-Z=0: use scale-aware
1,bare_native,insulator,2.5,0.001,Z_pole,1.278414743562816e-07,-0.7426217653976798,-1.898757227550081e-06,0.001,0,near-Z=0: use scale-aware
1,bare_native,insulator,2.5,0.001,Z_mats,1.2784147435628113e-07,-0.7426217653976797,-1.8987572275500737e-06,0.001,0,near-Z=0: use scale-aware
1,bare_native,insulator,2.5,0.001,D_occ,3.785993443243503e-12,-0.0030040079711972684,-2.274630896480815e-13,0.001,0,near-Z=0: use scale-aware
1,bare_native,insulator,2.5,0.001,n,0.9999999999999999,1.1102230246251568e-16,1.1102230246251568e-16,0.001,1,
1,bare_native,insulator,2.5,0.001,Omega_over_D,-1.2545410810299629,-5.7741003191215635e-08,5.7741003191215635e-08,0.001,1,
1,bare_native,insulator,2.5,0.001,E_kin_over_D,-0.007694842400945582,-1.882041297933774e-05,2.8964022359342922e-06,0.001,1,near-Z=0: use scale-aware
1,bare_native,insulator,2.5,0.001,E_pot_over_D,9.464983608108758e-12,-0.0030040079711973534,-5.686577241202199e-13,0.001,0,near-Z=0: use scale-aware
1,bare_native,insulator,2.5,0.001,E_tot_over_D,-0.007694842391480598,-1.882040930741715e-05,2.8964016672745896e-06,0.001,1,near-Z=0: use scale-aware
1,bare_native,insulator,2.5,0.01,Z_pole,1.2208426507843928e-08,1.3801616739748357,3.369920473132927e-07,0.001,0,near-Z=0: use scale-aware
1,bare_native,insulator,2.5,0.01,Z_mats,1.2208426507843874e-08,1.3801616739748368,3.369920473132914e-07,0.001,0,near-Z=0: use scale-aware
1,bare_native,insulator,2.5,0.01,D_occ,3.7827554852252195e-12,-0.0007436056853951372,-5.6257569705462285e-14,0.001,1,near-Z=0: use scale-aware
1,bare_native,insulator,2.5,0.01,n,1.0,2.220446049250313e-16,2.220446049250313e-16,0.001,1,
1,bare_native,insulator,2.5,0.01,Omega_over_D,-1.2607330943053014,-2.4196388471903106e-07,2.4196388471903106e-07,0.001,1,
1,bare_native,insulator,2.5,0.01,E_kin_over_D,-0.007602256270388195,-8.022171532249041e-05,1.219732076663399e-05,0.001,1,near-Z=0: use scale-aware
1,bare_native,insulator,2.5,0.01,E_pot_over_D,9.456888713063049e-12,-0.0007436056853951372,-1.406439242636557e-13,0.001,1,near-Z=0: use scale-aware
1,bare_native,insulator,2.5,0.01,E_tot_over_D,-0.007602256260931307,-8.022171449733356e-05,1.2197320625999958e-05,0.001,1,near-Z=0: use scale-aware
1,bare_native,insulator,3.0,0.001,Z_pole,4.8950170703048685e-09,70.76667205451979,6.928081354310817e-06,0.001,0,near-Z=0: use scale-aware
1,bare_native,insulator,3.0,0.001,Z_mats,4.895017070304847e-09,70.76667205451983,6.928081354310791e-06,0.001,0,near-Z=0: use scale-aware
1,bare_native,insulator,3.0,0.001,D_occ,2.3257267939639247e-12,-0.0010732878783760817,-4.992348752751895e-14,0.001,0,near-Z=0: use scale-aware
1,bare_native,insulator,3.0,0.001,n,1.0,0.0,0.0,0.001,1,
1,bare_native,insulator,3.0,0.001,Omega_over_D,-1.5041945633286886,-4.66718343183254e-08,4.66718343183254e-08,0.001,1,
1,bare_native,insulator,3.0,0.001,E_kin_over_D,-0.007002059762210262,-2.0045635535081744e-05,2.8072147597625607e-06,0.001,1,near-Z=0: use scale-aware
1,bare_native,insulator,3.0,0.001,E_pot_over_D,6.977180381891775e-12,-0.0010732878783760817,-1.4977046258255685e-13,0.001,0,near-Z=0: use scale-aware
1,bare_native,insulator,3.0,0.001,E_tot_over_D,-0.0070020597552330815,-2.004563448566598e-05,2.807214610003883e-06,0.001,1,near-Z=0: use scale-aware
1,bare_native,insulator,3.0,0.01,Z_pole,2.7630623572575227e-09,64.25321374803146,3.5507127248001447e-06,0.001,0,near-Z=0: use scale-aware
1,bare_native,insulator,3.0,0.01,Z_mats,2.7630623572575107e-09,64.25321374803146,3.55071272480013e-06,0.001,0,near-Z=0: use scale-aware
1,bare_native,insulator,3.0,0.01,D_occ,2.324076001620182e-12,0.00015035133826647273,6.988558741531748e-15,0.001,1,near-Z=0: use scale-aware
1,bare_native,insulator,3.0,0.01,n,1.0,2.220446049250313e-16,2.220446049250313e-16,0.001,1,
1,bare_native,insulator,3.0,0.01,Omega_over_D,-1.510411663554656,3.5535992546363266e-07,-3.5535992546363266e-07,0.001,1,
1,bare_native,insulator,3.0,0.01,E_kin_over_D,-0.006959624925255238,0.00015419334578773447,-2.146255705305633e-05,0.001,1,near-Z=0: use scale-aware
1,bare_native,insulator,3.0,0.01,E_pot_over_D,6.972228004860545e-12,0.00015035133826647273,2.0965676224595244e-14,0.001,1,near-Z=0: use scale-aware
1,bare_native,insulator,3.0,0.01,E_tot_over_D,-0.00695962491828301,0.00015419334579165684,-2.146255703210087e-05,0.001,1,near-Z=0: use scale-aware
1,bare_native,metal,1.0,0.001,Z_pole,0.8948991632973781,-1.4293780557044201e-05,-1.4293780557044201e-05,0.001,1,
1,bare_native,metal,1.0,0.001,Z_mats,0.8948991632973778,-1.4293780557292328e-05,-1.4293780557292328e-05,0.001,1,
1,bare_native,metal,1.0,0.001,D_occ,0.1714752195542421,-0.00013436158593413479,-0.00013436158593413479,0.001,1,
1,bare_native,metal,1.0,0.001,n,1.0000000000000004,-2.220446049250312e-16,-2.220446049250312e-16,0.001,1,
1,bare_native,metal,1.0,0.001,Omega_over_D,-0.6945408749818682,-0.0001638563059306069,0.0001638563059306069,0.001,1,
1,bare_native,metal,1.0,0.001,E_kin_over_D,-0.366687484297104,-0.0004687323240862791,0.0004687323240862791,0.001,1,
1,bare_native,metal,1.0,0.001,E_pot_over_D,0.1714752195542421,-0.00013436158593413479,-0.00013436158593413479,0.001,1,
1,bare_native,metal,1.0,0.001,E_tot_over_D,-0.1952122647428619,-0.0007624448928773724,0.0007624448928773724,0.001,1,
1,bare_native,metal,1.0,0.01,Z_pole,0.8951264698293818,-0.0018339947121771003,-0.0018339947121771003,0.001,0,
1,bare_native,metal,1.0,0.01,Z_mats,0.8951264698293816,-0.0018339947121773488,-0.0018339947121773488,0.001,0,
1,bare_native,metal,1.0,0.01,D_occ,0.17144749401539458,-0.0013363215526454766,-0.0013363215526454766,0.001,0,
1,bare_native,metal,1.0,0.01,n,0.999999999999994,4.440892098500653e-16,4.440892098500653e-16,0.001,1,
1,bare_native,metal,1.0,0.01,Omega_over_D,-0.6949749720488327,0.00015100246865308814,-0.00015100246865308814,0.001,1,
1,bare_native,metal,1.0,0.01,E_kin_over_D,-0.36621092622682777,-0.00010381604612922912,0.00010381604612922912,0.001,1,
1,bare_native,metal,1.0,0.01,E_pot_over_D,0.17144749401539458,-0.0013363215526454766,-0.0013363215526454766,0.001,0,
1,bare_native,metal,1.0,0.01,E_tot_over_D,-0.1947634322114332,0.0009811411147354924,-0.0009811411147354924,0.001,1,
1,bare_native,metal,2.0,0.001,Z_pole,0.5952364923172222,-0.00047677030243635336,-0.00047677030243635336,0.001,1,
1,bare_native,metal,2.0,0.001,Z_mats,0.5952364923172214,-0.0004767703024369135,-0.0004767703024369135,0.001,1,
1,bare_native,metal,2.0,0.001,D_occ,0.0936601417100645,-0.000627882779165417,-0.000627882779165417,0.001,1,
1,bare_native,metal,2.0,0.001,n,1.0000000000000002,-2.2204460492503126e-16,-2.2204460492503126e-16,0.001,1,
1,bare_native,metal,2.0,0.001,Omega_over_D,-1.0615780482072772,-6.023896703357635e-05,6.023896703357635e-05,0.001,1,
1,bare_native,metal,2.0,0.001,E_kin_over_D,-0.2509447886620753,-0.000826156441155822,0.000826156441155822,0.001,1,
1,bare_native,metal,2.0,0.001,E_pot_over_D,0.187320283420129,-0.000627882779165417,-0.000627882779165417,0.001,1,
1,bare_native,metal,2.0,0.001,E_tot_over_D,-0.06362450524194632,-0.0014099044548740243,0.0014099044548740243,0.001,0,
1,bare_native,metal,2.0,0.01,Z_pole,0.5935632769410483,-1.234631285393731e-05,-1.234631285393731e-05,0.001,1,
1,bare_native,metal,2.0,0.01,Z_mats,0.593563276941047,-1.2346312853376204e-05,-1.2346312853376204e-05,0.001,1,
1,bare_native,metal,2.0,0.01,D_occ,0.09330798141057318,-1.8690379718721248e-05,-1.8690379718721248e-05,0.001,1,
1,bare_native,metal,2.0,0.01,n,1.0000000000000004,0.0,0.0,0.001,1,
1,bare_native,metal,2.0,0.01,Omega_over_D,-1.062220069375055,-6.222726704803813e-07,6.222726704803813e-07,0.001,1,
1,bare_native,metal,2.0,0.01,E_kin_over_D,-0.24969034545157914,-2.7120446885008034e-05,2.7120446885008034e-05,0.001,1,
1,bare_native,metal,2.0,0.01,E_pot_over_D,0.18661596282114637,-1.8690379718721248e-05,-1.8690379718721248e-05,0.001,1,
1,bare_native,metal,2.0,0.01,E_tot_over_D,-0.06307438263043277,-5.2062190827254644e-05,5.2062190827254644e-05,0.001,1,
1,bare_native,metal,2.5,0.001,Z_pole,0.38199335810636287,-0.0012104707241567222,-0.0012104707241567222,0.001,0,
1,bare_native,metal,2.5,0.001,Z_mats,0.3819933581063621,-0.001210470724157306,-0.001210470724157306,0.001,0,
1,bare_native,metal,2.5,0.001,D_occ,0.05524302087803114,-0.0012944764010573186,-0.0012944764010573186,0.001,0,
1,bare_native,metal,2.5,0.001,n,0.9999999999999991,8.88178419700126e-16,8.88178419700126e-16,0.001,1,
1,bare_native,metal,2.5,0.001,Omega_over_D,-1.2737319552722468,-2.0203830437705763e-05,2.0203830437705763e-05,0.001,1,
1,bare_native,metal,2.5,0.001,E_kin_over_D,-0.16429455906781906,-0.001328904995423828,0.001328904995423828,0.001,0,
1,bare_native,metal,2.5,0.001,E_pot_over_D,0.13810755219507784,-0.0012944764010572936,-0.0012944764010572936,0.001,0,
1,bare_native,metal,2.5,0.001,E_tot_over_D,-0.026187006872741225,-0.0015104778233757214,0.0007910978628372645,0.001,0,near-Z=0: use scale-aware
1,bare_native,metal,2.5,0.01,Z_pole,0.37524194777226483,6.427493304819765e-05,6.427493304819765e-05,0.001,1,
1,bare_native,metal,2.5,0.01,Z_mats,0.37524194777226394,6.427493304804988e-05,6.427493304804988e-05,0.001,1,
1,bare_native,metal,2.5,0.01,D_occ,0.05418738852078588,3.742290110024684e-05,3.742290110024684e-05,0.001,1,
1,bare_native,metal,2.5,0.01,n,1.0000000000000007,-1.6653345369377336e-15,-1.6653345369377336e-15,0.001,1,
1,bare_native,metal,2.5,0.01,Omega_over_D,-1.274741142593136,-2.118927685158324e-06,2.118927685158324e-06,0.001,1,
1,bare_native,metal,2.5,0.01,E_kin_over_D,-0.16103148085195051,-1.7423857060611338e-06,1.7423857060611338e-06,0.001,1,
1,bare_native,metal,2.5,0.01,E_pot_over_D,0.1354684713019647,3.742290110024684e-05,3.742290110024684e-05,0.001,1,
1,bare_native,metal,2.5,0.01,E_tot_over_D,-0.025563009549985805,-0.00020929468980307597,0.00010700404308394695,0.001,1,near-Z=0: use scale-aware
1,bare_native,metal,3.0,0.001,Z_pole,0.0026389537461506546,-0.0007985273419747318,-4.2145534410158864e-05,0.001,1,near-Z=0: use scale-aware
1,bare_native,metal,3.0,0.001,Z_mats,0.0026389537461506433,-0.0007985273419745708,-4.214553441015019e-05,0.001,1,near-Z=0: use scale-aware
1,bare_native,metal,3.0,0.001,D_occ,0.00023899189631349747,-0.0015878562499424354,-7.589695524939629e-06,0.001,0,near-Z=0: use scale-aware
1,bare_native,metal,3.0,0.001,n,1.0,-1.1102230246251565e-16,-1.1102230246251565e-16,0.001,1,
1,bare_native,metal,3.0,0.001,Omega_over_D,-1.503812091727184,1.1466351443417963e-09,-1.1466351443417963e-09,0.001,1,
1,bare_native,metal,3.0,0.001,E_kin_over_D,-0.006591106432485532,-0.00013393732200217087,1.765590289196789e-05,0.001,1,near-Z=0: use scale-aware
1,bare_native,metal,3.0,0.001,E_pot_over_D,0.0007169756889404924,-0.0015878562499425108,-2.276908657481997e-05,0.001,0,near-Z=0: use scale-aware
1,bare_native,metal,3.0,0.001,E_tot_over_D,-0.00587413074354504,4.352289645975718e-05,-5.113183682847744e-06,0.001,1,near-Z=0: use scale-aware
1,bare_native,metal,3.0,0.01,Z_pole,0.024941697680586915,-9.059260668140003e-05,-4.519066815887596e-05,0.001,1,near-Z=0: use scale-aware
1,bare_native,metal,3.0,0.01,Z_mats,0.0249416976805868,-9.059260668098314e-05,-4.519066815866779e-05,0.001,1,near-Z=0: use scale-aware
1,bare_native,metal,3.0,0.01,D_occ,0.0021667282089102304,-0.00019003779675347754,-8.235205099698176e-06,0.001,1,near-Z=0: use scale-aware
1,bare_native,metal,3.0,0.01,n,1.0,-2.220446049250313e-16,-2.220446049250313e-16,0.001,1,
1,bare_native,metal,3.0,0.01,Omega_over_D,-1.511558635961812,9.459521194706952e-09,-9.459521194706952e-09,0.001,1,
1,bare_native,metal,3.0,0.01,E_kin_over_D,-0.0122705236017508,-7.33968175336423e-05,1.8012347636799098e-05,0.001,1,near-Z=0: use scale-aware
1,bare_native,metal,3.0,0.01,E_pot_over_D,0.006500184626730691,-0.00019003779675341083,-2.4705615299085854e-05,0.001,1,near-Z=0: use scale-aware
1,bare_native,metal,3.0,0.01,E_tot_over_D,-0.00577033897502011,5.799717911947651e-05,-6.693267662286756e-06,0.001,1,near-Z=0: use scale-aware
1,bare_native,noninteracting,0.0,0.001,Z_pole,1.0,0.0,0.0,0.001,1,
1,bare_native,noninteracting,0.0,0.001,Z_mats,1.0,0.0,0.0,0.001,1,
1,bare_native,noninteracting,0.0,0.001,D_occ,0.25,0.0,0.0,0.001,1,
1,bare_native,noninteracting,0.0,0.001,n,1.0,0.0,0.0,0.001,1,
1,bare_native,noninteracting,0.0,0.001,E_kin_over_D,-0.4052848075295703,-0.00040138796398640243,0.00040138796398640243,0.001,1,
1,bare_native,noninteracting,0.0,0.001,E_pot_over_D,0.0,,0.0,0.001,,near-Z=0: use scale-aware
1,bare_native,noninteracting,0.0,0.001,E_tot_over_D,-0.4052848075295703,-0.00040138796398640243,0.00040138796398640243,0.001,1,
1,bare_native,noninteracting,0.0,0.01,Z_pole,1.0,0.0,0.0,0.001,1,
1,bare_native,noninteracting,0.0,0.01,Z_mats,1.0,0.0,0.0,0.001,1,
1,bare_native,noninteracting,0.0,0.01,D_occ,0.25,0.0,0.0,0.001,1,
1,bare_native,noninteracting,0.0,0.01,n,1.0,0.0,0.0,0.001,1,
1,bare_native,noninteracting,0.0,0.01,E_kin_over_D,-0.4052848075295703,-0.00040138796398640243,0.00040138796398640243,0.001,1,
1,bare_native,noninteracting,0.0,0.01,E_pot_over_D,0.0,,0.0,0.001,,near-Z=0: use scale-aware
1,bare_native,noninteracting,0.0,0.01,E_tot_over_D,-0.4052848075295703,-0.00040138796398640243,0.00040138796398640243,0.001,1,
3,R_native,insulator,2.0,0.001,Z_pole,7.615617136912219e-09,-0.006828768834990269,-1.0401057792752796e-09,0.001,0,near-Z=0: use scale-aware
3,R_native,insulator,2.0,0.001,Z_mats,7.615617136912186e-09,-0.006828768834989647,-1.0401057792751804e-09,0.001,0,near-Z=0: use scale-aware
3,R_native,insulator,2.0,0.001,D_occ,0.03320278236567267,-0.00029107686062370265,-0.00019329123309944074,0.001,1,near-Z=0: use scale-aware
3,R_native,insulator,2.0,0.001,n,1.0000000000000002,-1.221245327087672e-15,-1.221245327087672e-15,0.001,1,
3,R_native,insulator,2.0,0.001,Omega_over_D,-1.0646106781485027,-8.302088558375393e-06,8.302088558375393e-06,0.001,1,
3,R_native,insulator,2.0,0.001,E_kin_over_D,-0.1309615774619575,-0.0002876218021433443,0.0002876218021433443,0.001,1,
3,R_native,insulator,2.0,0.001,E_pot_over_D,0.06640556473134535,-0.00029107686062370265,-0.00029107686062370265,0.001,1,
3,R_native,insulator,2.0,0.001,E_tot_over_D,-0.06455601273061215,-0.0002840677550474458,0.0002840677550474458,0.001,1,
3,R_native,insulator,2.0,0.01,Z_pole,7.267879964522001e-09,0.00024377038569675294,3.5433878042984625e-11,0.001,1,near-Z=0: use scale-aware
3,R_native,insulator,2.0,0.01,Z_mats,7.267879964521971e-09,0.0002437703856962987,3.543387804291845e-11,0.001,1,near-Z=0: use scale-aware
3,R_native,insulator,2.0,0.01,D_occ,0.033155461425373664,3.88122275062822e-06,2.573674623834732e-06,0.001,1,near-Z=0: use scale-aware
3,R_native,insulator,2.0,0.01,n,1.0,4.440892098500626e-16,4.440892098500626e-16,0.001,1,
3,R_native,insulator,2.0,0.01,Omega_over_D,-1.0708058449397644,1.0840700569269767e-07,-1.0840700569269767e-07,0.001,1,
3,R_native,insulator,2.0,0.01,E_kin_over_D,-0.13077748058970484,3.833974792832716e-06,-3.833974792832716e-06,0.001,1,
3,R_native,insulator,2.0,0.01,E_pot_over_D,0.06631092285074733,3.88122275062822e-06,3.88122275062822e-06,0.001,1,
3,R_native,insulator,2.0,0.01,E_tot_over_D,-0.06446655773895751,3.7853750878985763e-06,-3.7853750878985763e-06,0.001,1,
3,R_native,insulator,2.5,0.001,Z_pole,2.1679473771475922e-09,-0.024059188612321827,-1.0431810969676465e-09,0.001,0,near-Z=0: use scale-aware
3,R_native,insulator,2.5,0.001,Z_mats,2.1679473771475835e-09,-0.024059188612322306,-1.043181096967663e-09,0.001,0,near-Z=0: use scale-aware
3,R_native,insulator,2.5,0.001,D_occ,0.02080385395899905,-0.00027749186810174006,-0.00011545800597596856,0.001,1,near-Z=0: use scale-aware
3,R_native,insulator,2.5,0.001,n,1.0000000000000002,-2.2204460492503126e-16,-2.2204460492503126e-16,0.001,1,
3,R_native,insulator,2.5,0.001,Omega_over_D,-1.301456918714237,-5.2940751271486525e-06,5.2940751271486525e-06,0.001,1,
3,R_native,insulator,2.5,0.001,E_kin_over_D,-0.10315089097873481,-0.0002758983937450211,0.0002758983937450211,0.001,1,
3,R_native,insulator,2.5,0.001,E_pot_over_D,0.05200963489749763,-0.00027749186810184013,-0.00027749186810184013,0.001,1,
3,R_native,insulator,2.5,0.001,E_tot_over_D,-0.05114125608123718,-0.00027427786218464965,0.00027427786218464965,0.001,1,
3,R_native,insulator,2.5,0.01,Z_pole,3.7798641994126726e-10,-0.0032218184890398832,-2.435607272745537e-11,0.001,0,near-Z=0: use scale-aware
3,R_native,insulator,2.5,0.01,Z_mats,3.7798641994126545e-10,-0.003221818489038531,-2.435607272744503e-11,0.001,0,near-Z=0: use scale-aware
3,R_native,insulator,2.5,0.01,D_occ,0.020791137430448407,-2.0623848935124938e-05,-8.575865551099793e-06,0.001,1,near-Z=0: use scale-aware
3,R_native,insulator,2.5,0.01,n,0.9999999999999996,4.440892098500628e-16,4.440892098500628e-16,0.001,1,
3,R_native,insulator,2.5,0.01,Omega_over_D,-1.307680111224638,-3.911265651936829e-07,3.911265651936829e-07,0.001,1,
3,R_native,insulator,2.5,0.01,E_kin_over_D,-0.10308803170469868,-2.0406759140976285e-05,2.0406759140976285e-05,0.001,1,
3,R_native,insulator,2.5,0.01,E_pot_over_D,0.05197784357612102,-2.062384893522506e-05,-2.062384893522506e-05,0.001,1,
3,R_native,insulator,2.5,0.01,E_tot_over_D,-0.05111018812857766,-2.0185983992603745e-05,2.0185983992603745e-05,0.001,1,
3,R_native,insulator,3.0,0.001,Z_pole,1.8393556966423001e-07,-0.6607122449864007,-2.430569663314118e-06,0.001,0,near-Z=0: use scale-aware
3,R_native,insulator,3.0,0.001,Z_mats,1.8393556966422933e-07,-0.6607122449864008,-2.4305696633141097e-06,0.001,0,near-Z=0: use scale-aware
3,R_native,insulator,3.0,0.001,D_occ,0.014305076460600006,-0.0004912108899606952,-0.0001405361867833424,0.001,1,near-Z=0: use scale-aware
3,R_native,insulator,3.0,0.001,n,0.9999999999999999,9.99200722162641e-16,9.99200722162641e-16,0.001,1,
3,R_native,insulator,3.0,0.001,Omega_over_D,-1.5428532207735586,-6.721494633049582e-06,6.721494633049582e-06,0.001,1,
3,R_native,insulator,3.0,0.001,E_kin_over_D,-0.08535023335856691,-0.0005001544280082055,0.0005001544280082055,0.001,1,
3,R_native,insulator,3.0,0.001,E_pot_over_D,0.04291522938180002,-0.0004912108899607355,-0.0004216085603500619,0.001,1,near-Z=0: use scale-aware
3,R_native,insulator,3.0,0.001,E_tot_over_D,-0.04243500397676689,-0.0005091991776446654,0.00043215738256635605,0.001,1,near-Z=0: use scale-aware
3,R_native,insulator,3.0,0.01,Z_pole,6.374541894338687e-09,-4.96370657552859e-06,-6.328271103382283e-13,0.001,1,near-Z=0: use scale-aware
3,R_native,insulator,3.0,0.01,Z_mats,6.374541894338663e-09,-4.963706576696477e-06,-6.328271104871208e-13,0.001,1,near-Z=0: use scale-aware
3,R_native,insulator,3.0,0.01,D_occ,0.01428613742191661,-2.5479849571795565e-06,-7.280172649448691e-07,0.001,1,near-Z=0: use scale-aware
3,R_native,insulator,3.0,0.01,n,1.0000000000000002,-6.661338147750938e-16,-6.661338147750938e-16,0.001,1,
3,R_native,insulator,3.0,0.01,Omega_over_D,-1.5490638970238741,-3.474720732273467e-08,3.474720732273467e-08,0.001,1,
3,R_native,insulator,3.0,0.01,E_kin_over_D,-0.08523636679061182,-2.729870673462083e-06,2.729870673462083e-06,0.001,1,
3,R_native,insulator,3.0,0.01,E_pot_over_D,0.04285841226574983,-2.5479849571795565e-06,-2.184051794834607e-06,0.001,1,near-Z=0: use scale-aware
3,R_native,insulator,3.0,0.01,E_tot_over_D,-0.04237795452486199,-2.9138185091018236e-06,2.469633365448365e-06,0.001,1,near-Z=0: use scale-aware
3,R_native,metal,2.0,0.001,Z_pole,0.2935635167388358,-0.0013051521742274232,-0.0013051521742274232,0.001,0,
3,R_native,metal,2.0,0.001,Z_mats,0.29356351673883496,-0.0013051521742272379,-0.0013051521742272379,0.001,0,
3,R_native,metal,2.0,0.001,D_occ,0.07717006084509301,-0.0006815787510989788,-0.0006815787510989788,0.001,1,
3,R_native,metal,2.0,0.001,n,0.9999999999999999,-2.7755575615628917e-15,-2.7755575615628917e-15,0.001,1,
3,R_native,metal,2.0,0.001,Omega_over_D,-1.0822092744559626,-1.9247347030912972e-05,1.9247347030912972e-05,0.001,1,
3,R_native,metal,2.0,0.001,E_kin_over_D,-0.23671332996371588,-0.0006159163165174341,0.0006159163165174341,0.001,1,
3,R_native,metal,2.0,0.001,E_pot_over_D,0.15434012169018602,-0.0006815787510989788,-0.0006815787510989788,0.001,1,
3,R_native,metal,2.0,0.001,E_tot_over_D,-0.08237320827352987,-0.0004928866524288729,0.0004928866524288729,0.001,1,
3,R_native,metal,2.0,0.01,Z_pole,0.28249211785203115,-2.51730194607163e-06,-2.51730194607163e-06,0.001,1,
3,R_native,metal,2.0,0.01,Z_mats,0.2824921178520303,-2.5173019460716375e-06,-2.5173019460716375e-06,0.001,1,
3,R_native,metal,2.0,0.01,D_occ,0.07574306828988484,-7.328739070660432e-07,-7.328739070660432e-07,0.001,1,
3,R_native,metal,2.0,0.01,n,1.000000000000003,-3.7747582837255204e-15,-3.7747582837255204e-15,0.001,1,
3,R_native,metal,2.0,0.01,Omega_over_D,-1.0833908356877107,-5.028086642134366e-09,5.028086642134366e-09,0.001,1,
3,R_native,metal,2.0,0.01,E_kin_over_D,-0.23286463027754978,-4.505435131484295e-07,4.505435131484295e-07,0.001,1,
3,R_native,metal,2.0,0.01,E_pot_over_D,0.15148613657976967,-7.328739070660432e-07,-7.328739070660432e-07,0.001,1,
3,R_native,metal,2.0,0.01,E_tot_over_D,-0.08137849369778011,7.50147599311628e-08,-7.50147599311628e-08,0.001,1,
3,R_native,metal,2.5,0.001,Z_pole,0.36126497797715046,-0.0011129500033119479,-0.0011129500033119479,0.001,0,
3,R_native,metal,2.5,0.001,Z_mats,0.3612649779771494,-0.0011129500033116438,-0.0011129500033116438,0.001,0,
3,R_native,metal,2.5,0.001,D_occ,0.05346845314233215,-0.0012431995903874132,-0.0012431995903874132,0.001,0,
3,R_native,metal,2.5,0.001,n,1.0,-3.3306690738754696e-16,-3.3306690738754696e-16,0.001,1,
3,R_native,metal,2.5,0.001,Omega_over_D,-1.2759571369482288,-2.2492706279821043e-05,2.2492706279821043e-05,0.001,1,
3,R_native,metal,2.5,0.001,E_kin_over_D,-0.1643163852624595,-0.0012839130870938163,0.0012839130870938163,0.001,0,
3,R_native,metal,2.5,0.001,E_pot_over_D,0.13367113285583038,-0.0012431995903872835,-0.0012431995903872835,0.001,0,
3,R_native,metal,2.5,0.001,E_tot_over_D,-0.03064525240662913,-0.0014615007654419025,0.0008957611969889756,0.001,0,near-Z=0: use scale-aware
3,R_native,metal,2.5,0.01,Z_pole,0.3544893049560757,-1.497582425001695e-06,-1.497582425001695e-06,0.001,1,
3,R_native,metal,2.5,0.01,Z_mats,0.35448930495607484,-1.497582425471483e-06,-1.497582425471483e-06,0.001,1,
3,R_native,metal,2.5,0.01,D_occ,0.05235201257596023,-1.66263173009321e-06,-1.66263173009321e-06,0.001,1,
3,R_native,metal,2.5,0.01,n,1.0000000000000007,-8.881784197001246e-16,-8.881784197001246e-16,0.001,1,
3,R_native,metal,2.5,0.01,Omega_over_D,-1.2769435209843856,-2.243382513472065e-08,2.243382513472065e-08,0.001,1,
3,R_native,metal,2.5,0.01,E_kin_over_D,-0.16078101397270583,-1.7464562052628718e-06,1.7464562052628718e-06,0.001,1,
3,R_native,metal,2.5,0.01,E_pot_over_D,0.13088003143990057,-1.6626317301727357e-06,-1.6626317301727357e-06,0.001,1,
3,R_native,metal,2.5,0.01,E_tot_over_D,-0.029900982532805265,-2.11336555090707e-06,1.2638341284620935e-06,0.001,1,near-Z=0: use scale-aware
3,R_native,metal,3.0,0.001,Z_pole,0.10502548791647279,-0.0014926590631705134,-0.0014926590631705134,0.001,0,
3,R_native,metal,3.0,0.001,Z_mats,0.10502548791647244,-0.0014926590631709146,-0.0014926590631709146,0.001,0,
3,R_native,metal,3.0,0.001,D_occ,0.014654383794183483,-0.0015313370451666474,-0.00044881601556245876,0.001,0,near-Z=0: use scale-aware
3,R_native,metal,3.0,0.001,n,0.9999999999999964,8.881784197001284e-16,8.881784197001284e-16,0.001,1,
3,R_native,metal,3.0,0.001,Omega_over_D,-1.5085679663721905,-8.047223774683747e-07,8.047223774683747e-07,0.001,1,
3,R_native,metal,3.0,0.001,E_kin_over_D,-0.05879204598285521,-0.0011998666362471814,0.0011998666362471814,0.001,0,
3,R_native,metal,3.0,0.001,E_pot_over_D,0.04396315138255045,-0.0015313370451666474,-0.0013464480466873763,0.001,0,near-Z=0: use scale-aware
3,R_native,metal,3.0,0.001,E_tot_over_D,-0.01482889460030476,-0.0002171579341526302,6.440424234338549e-05,0.001,1,near-Z=0: use scale-aware
3,bare_native,insulator,2.0,0.001,Z_pole,1.917107724489791e-09,0.00021152829533659443,8.110450578758861e-12,0.001,1,near-Z=0: use scale-aware
3,bare_native,insulator,2.0,0.001,Z_mats,1.9171077244897833e-09,0.00021152829533681105,8.110450578767133e-12,0.001,1,near-Z=0: use scale-aware
3,bare_native,insulator,2.0,0.001,D_occ,0.03315407941839249,1.5564667538998408e-05,1.0320644474176577e-05,0.001,1,near-Z=0: use scale-aware
3,bare_native,insulator,2.0,0.001,n,0.9999999999999999,5.551115123125784e-16,5.551115123125784e-16,0.001,1,
3,bare_native,insulator,2.0,0.001,Omega_over_D,-1.0645662563153273,4.4019715960149647e-07,-4.4019715960149647e-07,0.001,1,
3,bare_native,insulator,2.0,0.001,E_kin_over_D,-0.13077210940269404,1.533815404581173e-05,-1.533815404581173e-05,0.001,1,
3,bare_native,insulator,2.0,0.001,E_pot_over_D,0.06630815883678498,1.5564667538998408e-05,1.5564667538998408e-05,0.001,1,
3,bare_native,insulator,2.0,0.001,E_tot_over_D,-0.06446395056590906,1.510516037178083e-05,-1.510516037178083e-05,0.001,1,
3,bare_native,insulator,2.0,0.01,Z_pole,1.8941831674019647e-09,0.0019183169148203098,7.267287219590198e-11,0.001,0,near-Z=0: use scale-aware
3,bare_native,insulator,2.0,0.01,Z_mats,1.8941831674019564e-09,0.0019183169148200997,7.267287219589371e-11,0.001,0,near-Z=0: use scale-aware
3,bare_native,insulator,2.0,0.01,D_occ,0.033153427902214753,-1.1639975964869842e-05,-7.718102078696498e-06,0.001,1,near-Z=0: use scale-aware
3,bare_native,insulator,2.0,0.01,n,1.0000000000000004,-4.440892098500624e-16,-4.440892098500624e-16,0.001,1,
3,bare_native,insulator,2.0,0.01,Omega_over_D,-1.070803989816845,-3.268003291869316e-07,3.268003291869316e-07,0.001,1,
3,bare_native,insulator,2.0,0.01,E_kin_over_D,-0.130769583869757,-1.1404909921368147e-05,1.1404909921368147e-05,0.001,1,
3,bare_native,insulator,2.0,0.01,E_pot_over_D,0.06630685580442951,-1.1639975964869842e-05,-1.1639975964869842e-05,0.001,1,
3,bare_native,insulator,2.0,0.01,E_tot_over_D,-0.0644627280653275,-1.1163119188664607e-05,1.1163119188664607e-05,0.001,1,
3,bare_native,insulator,2.5,0.001,Z_pole,5.717618874009309e-11,14.779842229031345,1.6901100976717886e-08,0.001,0,near-Z=0: use scale-aware
3,bare_native,insulator,2.5,0.001,Z_mats,5.717618874009281e-11,14.779842229031368,1.690110097671783e-08,0.001,0,near-Z=0: use scale-aware
3,bare_native,insulator,2.5,0.001,D_occ,0.020789976337438863,0.00040730155419225903,0.00016935579347718277,0.001,1,near-Z=0: use scale-aware
3,bare_native,insulator,2.5,0.001,n,1.0000000000000004,-4.440892098500624e-16,-4.440892098500624e-16,0.001,1,
3,bare_native,insulator,2.5,0.001,Omega_over_D,-1.3014404704346987,7.681096282754849e-06,-7.681096282754849e-06,0.001,1,
3,bare_native,insulator,2.5,0.001,E_kin_over_D,-0.10308236199202403,0.00040618540790878,-0.00040618540790878,0.001,1,
3,bare_native,insulator,2.5,0.001,E_pot_over_D,0.05197494084359716,0.0004073015541921923,0.0004073015541921923,0.001,1,
3,bare_native,insulator,2.5,0.001,E_tot_over_D,-0.05110742114842687,0.0004050503156707139,-0.0004050503156707139,0.001,1,
3,bare_native,insulator,2.5,0.01,Z_pole,2.2104153037362534e-10,0.003802002978358433,1.6808011136428592e-11,0.001,0,near-Z=0: use scale-aware
3,bare_native,insulator,2.5,0.01,Z_mats,2.210415303736245e-10,0.0038020029783579798,1.6808011136426524e-11,0.001,0,near-Z=0: use scale-aware
3,bare_native,insulator,2.5,0.01,D_occ,0.020790326917487757,5.227122918943753e-05,2.1734718864546698e-05,0.001,1,near-Z=0: use scale-aware
3,bare_native,insulator,2.5,0.01,n,1.0000000000000002,6.661338147750938e-16,6.661338147750938e-16,0.001,1,
3,bare_native,insulator,2.5,0.01,Omega_over_D,-1.307679148463965,9.868435813688613e-07,-9.868435813688613e-07,0.001,1,
3,bare_native,insulator,2.5,0.01,E_kin_over_D,-0.10308405421628754,5.169452127792832e-05,-5.169452127792832e-05,0.001,1,
3,bare_native,insulator,2.5,0.01,E_pot_over_D,0.05197581729371939,5.227122918950429e-05,5.227122918950429e-05,0.001,1,
3,bare_native,insulator,2.5,0.01,E_tot_over_D,-0.05110823692256815,5.110802354588311e-05,-5.110802354588311e-05,0.001,1,
3,bare_native,insulator,3.0,0.001,Z_pole,4.6903779468039344e-09,3.1947967363550656,2.996960831344196e-07,0.001,0,near-Z=0: use scale-aware
3,bare_native,insulator,3.0,0.001,Z_mats,4.690377946803911e-09,3.194796736355065,2.996960831344181e-07,0.001,0,near-Z=0: use scale-aware
3,bare_native,insulator,3.0,0.001,D_occ,0.014297064119617295,0.0005644562556219379,0.0001614013455869187,0.001,1,near-Z=0: use scale-aware
3,bare_native,insulator,3.0,0.001,n,0.9999999999999997,7.771561172376099e-16,7.771561172376099e-16,0.001,1,
3,bare_native,insulator,3.0,0.001,Omega_over_D,-1.5428415071396397,7.607557094527905e-06,-7.607557094527905e-06,0.001,1,
3,bare_native,insulator,3.0,0.001,E_kin_over_D,-0.08530189377912782,0.0005692314086399201,-0.0005692314086399201,0.001,1,
3,bare_native,insulator,3.0,0.001,E_pot_over_D,0.04289119235885189,0.0005644562556218973,0.00048420403676072143,0.001,1,near-Z=0: use scale-aware
3,bare_native,insulator,3.0,0.001,E_tot_over_D,-0.042410701420275934,0.0005740606616298516,-0.00048692630635019385,0.001,1,near-Z=0: use scale-aware
3,bare_native,insulator,3.0,0.01,Z_pole,3.049497558327022e-10,0.0034552911547152143,2.1073803879226005e-11,0.001,0,near-Z=0: use scale-aware
3,bare_native,insulator,3.0,0.01,Z_mats,3.0494975583270097e-10,0.0034552911547140416,2.1073803879218767e-11,0.001,0,near-Z=0: use scale-aware
3,bare_native,insulator,3.0,0.01,D_occ,0.01428592627653421,-6.527743344802612e-06,-1.8650972035197388e-06,0.001,1,near-Z=0: use scale-aware
3,bare_native,insulator,3.0,0.01,n,1.0000000000000002,-3.330669073875469e-16,-3.330669073875469e-16,0.001,1,
3,bare_native,insulator,3.0,0.01,Omega_over_D,-1.5490635956661034,-8.861265333175186e-08,8.861265333175186e-08,0.001,1,
3,bare_native,insulator,3.0,0.01,E_kin_over_D,-0.08523500282859235,-6.338418378261787e-06,6.338418378261787e-06,0.001,1,
3,bare_native,insulator,3.0,0.01,E_pot_over_D,0.04285777882960263,-6.527743344843088e-06,-5.595291610593911e-06,0.001,1,near-Z=0: use scale-aware
3,bare_native,insulator,3.0,0.01,E_tot_over_D,-0.04237722399898972,-6.146946479468776e-06,5.2098105574049924e-06,0.001,1,near-Z=0: use scale-aware
3,bare_native,metal,1.0,0.001,Z_pole,0.7413952615922937,-0.0008209412940196925,-0.0008209412940196925,0.001,1,
3,bare_native,metal,1.0,0.001,Z_mats,0.7413952615922931,-0.0008209412940199928,-0.0008209412940199928,0.001,1,
3,bare_native,metal,1.0,0.001,D_occ,0.16045650975566925,-0.0004218651148450401,-0.0004218651148450401,0.001,1,
3,bare_native,metal,1.0,0.001,n,1.000000000000001,-2.109423746787795e-15,-2.109423746787795e-15,0.001,1,
3,bare_native,metal,1.0,0.001,Omega_over_D,-0.7003956556231223,-0.00012096913413530303,0.00012096913413530303,0.001,1,
3,bare_native,metal,1.0,0.001,E_kin_over_D,-0.36090905045273364,-0.0005038839486408056,0.0005038839486408056,0.001,1,
3,bare_native,metal,1.0,0.001,E_pot_over_D,0.16045650975566925,-0.0004218651148450401,-0.0004218651148450401,0.001,1,
3,bare_native,metal,1.0,0.001,E_tot_over_D,-0.2004525406970644,-0.0005695376727559202,0.0005695376727559202,0.001,1,
3,bare_native,metal,1.0,0.01,Z_pole,0.7389155273167108,-6.873745659532199e-05,-6.873745659532199e-05,0.001,1,
3,bare_native,metal,1.0,0.01,Z_mats,0.7389155273167101,-6.873745659532206e-05,-6.873745659532206e-05,0.001,1,
3,bare_native,metal,1.0,0.01,D_occ,0.1601849755816764,-3.64648293280395e-05,-3.64648293280395e-05,0.001,1,
3,bare_native,metal,1.0,0.01,n,0.9999999999999806,7.771561172376247e-16,7.771561172376247e-16,0.001,1,
3,bare_native,metal,1.0,0.01,Omega_over_D,-0.70094282522059,-2.5511431558985537e-06,2.5511431558985537e-06,0.001,1,
3,bare_native,metal,1.0,0.01,E_kin_over_D,-0.3601839592391488,-4.411495607155004e-05,4.411495607155004e-05,0.001,1,
3,bare_native,metal,1.0,0.01,E_pot_over_D,0.1601849755816764,-3.64648293280395e-05,-3.64648293280395e-05,0.001,1,
3,bare_native,metal,1.0,0.01,E_tot_over_D,-0.1999989836574724,-5.024216403629002e-05,5.024216403629002e-05,0.001,1,
3,bare_native,metal,2.0,0.001,Z_pole,0.29391736490742026,-0.001430996755431374,-0.001430996755431374,0.001,0,
3,bare_native,metal,2.0,0.001,Z_mats,0.2939173649074191,-0.0014309967554302465,-0.0014309967554302465,0.001,0,
3,bare_native,metal,2.0,0.001,D_occ,0.07718063331368503,-0.0006966071809776526,-0.0006966071809776526,0.001,1,
3,bare_native,metal,2.0,0.001,n,1.0000000000000002,2.2204460492503126e-16,2.2204460492503126e-16,0.001,1,
3,bare_native,metal,2.0,0.001,Omega_over_D,-1.0821930854757227,-1.770369651027638e-05,1.770369651027638e-05,0.001,1,
3,bare_native,metal,2.0,0.001,E_kin_over_D,-0.2367017643311042,-0.0006116112404103228,0.0006116112404103228,0.001,1,
3,bare_native,metal,2.0,0.001,E_pot_over_D,0.15436126662737007,-0.0006966071809776526,-0.0006966071809776526,0.001,1,
3,bare_native,metal,2.0,0.001,E_tot_over_D,-0.08234049770373414,-0.0004522718945229017,0.0004522718945229017,0.001,1,
3,bare_native,metal,2.0,0.01,Z_pole,0.28251191006243864,-7.318680257313894e-07,-7.318680257313894e-07,0.001,1,
3,bare_native,metal,2.0,0.01,Z_mats,0.28251191006243787,-7.318680259278829e-07,-7.318680259278829e-07,0.001,1,
3,bare_native,metal,2.0,0.01,D_occ,0.07574376389323328,-5.030078061095432e-07,-5.030078061095432e-07,0.001,1,
3,bare_native,metal,2.0,0.01,n,0.9999999999999993,3.330669073875472e-16,3.330669073875472e-16,0.001,1,
3,bare_native,metal,2.0,0.01,Omega_over_D,-1.083389932294562,-2.5879560919744657e-08,2.5879560919744657e-08,0.001,1,
3,bare_native,metal,2.0,0.01,E_kin_over_D,-0.23286431386824186,-4.899722752507222e-07,4.899722752507222e-07,0.001,1,
3,bare_native,metal,2.0,0.01,E_pot_over_D,0.15148752778646657,-5.030078061095432e-07,-5.030078061095432e-07,0.001,1,
3,bare_native,metal,2.0,0.01,E_tot_over_D,-0.08137678608177529,-4.6570589120844e-07,4.6570589120844e-07,0.001,1,
3,bare_native,metal,2.5,0.001,Z_pole,0.09905803678135865,-0.0007503578454140476,-0.0007503578454140476,0.001,1,
3,bare_native,metal,2.5,0.001,Z_mats,0.09905803678135827,-0.00075035784541349,-0.00075035784541349,0.001,1,
3,bare_native,metal,2.5,0.001,D_occ,0.03831797033416122,-0.0003234178606748726,-0.0002478543198175531,0.001,1,near-Z=0: use scale-aware
3,bare_native,metal,2.5,0.001,n,1.0000000000000002,1.3322676295501877e-15,1.3322676295501877e-15,0.001,1,
3,bare_native,metal,2.5,0.001,Omega_over_D,-1.3033948176292913,-7.863160742418338e-07,7.863160742418338e-07,0.001,1,
3,bare_native,metal,2.5,0.001,E_kin_over_D,-0.14935478989006223,-0.00023353856256791086,0.00023353856256791086,0.001,1,
3,bare_native,metal,2.5,0.001,E_pot_over_D,0.09579492583540306,-0.00032341786067501747,-0.00032341786067501747,0.001,1,
3,bare_native,metal,2.5,0.001,E_tot_over_D,-0.05355986405465918,-7.278422070622013e-05,7.278422070622013e-05,0.001,1,
3,bare_native,metal,2.5,0.01,Z_pole,0.007641604521009744,9.080624741471632e-06,1.3878108615604512e-06,0.001,1,near-Z=0: use scale-aware
3,bare_native,metal,2.5,0.01,Z_mats,0.00764160452100971,9.080624741471673e-06,1.3878108615604512e-06,0.001,1,near-Z=0: use scale-aware
3,bare_native,metal,2.5,0.01,D_occ,0.021388227141040248,-1.069480336631766e-06,-4.57485767255128e-07,0.001,1,near-Z=0: use scale-aware
3,bare_native,metal,2.5,0.01,n,1.000000000000001,2.2204460492503106e-16,2.2204460492503106e-16,0.001,1,
3,bare_native,metal,2.5,0.01,Omega_over_D,-1.3077911367939699,-2.6911495446013057e-08,2.6911495446013057e-08,0.001,1,
3,bare_native,metal,2.5,0.01,E_kin_over_D,-0.10449472168032736,-1.2317891877174243e-06,1.2317891877174243e-06,0.001,1,
3,bare_native,metal,2.5,0.01,E_pot_over_D,0.05347056785260062,-1.0694803365344383e-06,-1.0694803365344383e-06,0.001,1,
3,bare_native,metal,2.5,0.01,E_tot_over_D,-0.051024153827726744,-1.4018801307159034e-06,1.4018801307159034e-06,0.001,1,
3,bare_native,metal,3.0,0.01,Z_pole,0.0019911128826745634,-1.3420292683192207e-05,-5.344263530153437e-07,0.001,1,near-Z=0: use scale-aware
3,bare_native,metal,3.0,0.01,Z_mats,0.0019911128826745565,-1.3420292683845678e-05,-5.344263530413645e-07,0.001,1,near-Z=0: use scale-aware
3,bare_native,metal,3.0,0.01,D_occ,0.01434883979086903,1.7314398781120585e-06,4.968830683710346e-07,0.001,1,near-Z=0: use scale-aware
3,bare_native,metal,3.0,0.01,n,1.0000000000000004,-4.440892098500624e-16,-4.440892098500624e-16,0.001,1,
3,bare_native,metal,3.0,0.01,Omega_over_D,-1.5490831220618801,2.38335411158541e-08,-2.38335411158541e-08,0.001,1,
3,bare_native,metal,3.0,0.01,E_kin_over_D,-0.08538130325378974,1.7963512385921574e-06,-1.7963512385921574e-06,0.001,1,
3,bare_native,metal,3.0,0.01,E_pot_over_D,0.04304651937260709,1.7314398781926562e-06,1.4906492051824927e-06,0.001,1,near-Z=0: use scale-aware
3,bare_native,metal,3.0,0.01,E_tot_over_D,-0.042334783881182655,1.862353893543265e-06,-1.5768469918686634e-06,0.001,1,near-Z=0: use scale-aware
3,bare_native,noninteracting,0.0,0.001,Z_pole,1.0,0.0,0.0,0.001,1,
3,bare_native,noninteracting,0.0,0.001,Z_mats,1.0,0.0,0.0,0.001,1,
3,bare_native,noninteracting,0.0,0.001,D_occ,0.25,0.0,0.0,0.001,1,
3,bare_native,noninteracting,0.0,0.001,n,1.0,0.0,0.0,0.001,1,
3,bare_native,noninteracting,0.0,0.001,E_kin_over_D,-0.4052848075295703,-0.00040138796398640243,0.00040138796398640243,0.001,1,
3,bare_native,noninteracting,0.0,0.001,E_pot_over_D,0.0,,0.0,0.001,,near-Z=0: use scale-aware
3,bare_native,noninteracting,0.0,0.001,E_tot_over_D,-0.4052848075295703,-0.00040138796398640243,0.00040138796398640243,0.001,1,
3,bare_native,noninteracting,0.0,0.01,Z_pole,1.0,0.0,0.0,0.001,1,
3,bare_native,noninteracting,0.0,0.01,Z_mats,1.0,0.0,0.0,0.001,1,
3,bare_native,noninteracting,0.0,0.01,D_occ,0.25,0.0,0.0,0.001,1,
3,bare_native,noninteracting,0.0,0.01,n,1.0,0.0,0.0,0.001,1,
3,bare_native,noninteracting,0.0,0.01,E_kin_over_D,-0.4052848075295703,-0.00040138796398640243,0.00040138796398640243,0.001,1,
3,bare_native,noninteracting,0.0,0.01,E_pot_over_D,0.0,,0.0,0.001,,near-Z=0: use scale-aware
3,bare_native,noninteracting,0.0,0.01,E_tot_over_D,-0.4052848075295703,-0.00040138796398640243,0.00040138796398640243,0.001,1,
