lattice,M_g,M_h,gauge,solver_route,quadrature,integration_nodes,Nk,n_eps,branch,U_over_D,T_over_D,U_raw,T_raw,Z_pole,Z_mats,D_occ,n,Omega,Omega_over_D,E_kin,E_kin_over_D,E_pot,E_pot_over_D,E_tot_over_D,resnorm,converged,dist_to_spinodal_UD,norm_error,roundtrip_error,floor_limited,equation_accepted,physical,gated,branch_continuous,selected
square,3,2,bare_native,bare_native,uniform_kmesh,256,16,,noninteracting,0.0,0.001,0.0,0.002,1.0,1.0,0.25,1.0,nan,nan,-0.8054419490340057,-0.40272097451700284,0.0,0.0,-0.40272097451700284,0.0,1,3.2,,,,,,,,
square,3,2,bare_native,bare_native,uniform_kmesh,1024,32,,noninteracting,0.0,0.001,0.0,0.002,1.0,1.0,0.25,1.0,nan,nan,-0.809272413436074,-0.404636206718037,0.0,0.0,-0.404636206718037,0.0,1,3.2,,,,,,,,
square,3,2,bare_native,bare_native,uniform_kmesh,4096,64,,noninteracting,0.0,0.001,0.0,0.002,1.0,1.0,0.25,1.0,nan,nan,-0.8102442621716828,-0.4051221310858414,0.0,0.0,-0.4051221310858414,0.0,1,3.2,,,,,,,,
square,3,2,bare_native,bare_native,continuum_elliptic_dos,4001,,4001,noninteracting,0.0,0.001,0.0,0.002,1.0,1.0,0.25,1.0,nan,nan,-0.8105696150591406,-0.4052848075295703,0.0,0.0,-0.4052848075295703,0.0,1,3.2,,,,,,,,
square,3,2,bare_native,bare_native,uniform_kmesh,256,16,,metal,1.0,0.001,2.0,0.002,0.7312594876429456,0.7312594876429445,0.159338956194657,0.9999999999999982,-1.3973231450515726,-0.6986615725257863,-0.7158414813095466,-0.3579207406547733,0.318677912389314,0.159338956194657,-0.19858178446011632,1.0944946321134537e-05,1,2.2,2.220446049250313e-16,5.551115123125783e-15,0,,,,,
square,3,2,bare_native,bare_native,uniform_kmesh,1024,32,,metal,1.0,0.001,2.0,0.002,0.7388554220377551,0.7388554220377542,0.16017669605043897,1.0000000000000004,-1.3999856333486171,-0.6999928166743086,-0.7203205931976827,-0.36016029659884136,0.32035339210087793,0.16017669605043897,-0.1999836005484024,1.0005959920611074e-05,1,2.2,1.1102230246251565e-16,5.329070518200751e-15,0,,,,,
square,3,2,bare_native,bare_native,uniform_kmesh,4096,64,,metal,1.0,0.001,2.0,0.002,0.7407866196068621,0.7407866196068612,0.16038881875175354,0.999999999999999,-1.400621858734219,-0.7003109293671095,-0.7214543883505826,-0.3607271941752913,0.3207776375035071,0.16038881875175354,-0.20033837542353777,9.520802912474151e-06,1,2.2,0.0,5.329070518200751e-15,0,,,,,
square,3,2,bare_native,bare_native,continuum_elliptic_dos,4001,,4001,metal,1.0,0.001,2.0,0.002,0.7413952615922937,0.7413952615922931,0.16045650975566925,1.000000000000001,-1.4007913112462447,-0.7003956556231223,-0.7218181009054673,-0.36090905045273364,0.3209130195113385,0.16045650975566925,-0.2004525406970644,9.396863638768925e-06,1,2.2,2.220446049250313e-16,5.329070518200751e-15,0,,,,,
square,3,2,bare_native,bare_native,uniform_kmesh,256,16,,metal,2.0,0.001,4.0,0.002,0.28568757676859524,0.2856875767685946,0.07613434735445704,0.999999999999999,-2.163196678120567,-1.0815983390602835,-0.4677946465494108,-0.2338973232747054,0.30453738941782815,0.15226869470891408,-0.08162862856579131,2.206894664275928e-05,1,1.2,0.0,2.886579864025407e-15,0,,,,,
square,3,2,bare_native,bare_native,uniform_kmesh,1024,32,,metal,2.0,0.001,4.0,0.002,0.2919141073019123,0.29191410730191136,0.07692661898093993,1.0000000000000009,-2.164143774851606,-1.082071887425803,-0.47204092821743804,-0.23602046410871902,0.3077064759237597,0.15385323796187986,-0.08216722614683916,2.0673863946000166e-05,1,1.2,0.0,3.3306690738754696e-15,0,,,,,
square,3,2,bare_native,bare_native,uniform_kmesh,4096,64,,metal,2.0,0.001,4.0,0.002,0.2934967701118728,0.293496770111872,0.07712686873028632,1.0000000000000004,-2.164347853315544,-1.082173926657772,-0.4731139897428287,-0.23655699487141435,0.3085074749211453,0.15425373746057264,-0.08230325741084171,2.0221660131282623e-05,1,1.2,0.0,3.552713678800501e-15,0,,,,,
square,3,2,bare_native,bare_native,continuum_elliptic_dos,4001,,4001,metal,2.0,0.001,4.0,0.002,0.29391736490742026,0.2939173649074191,0.07718063331368503,1.0000000000000002,-2.1643861709514454,-1.0821930854757227,-0.4734035286622084,-0.2367017643311042,0.30872253325474014,0.15436126662737007,-0.08234049770373414,2.0159803368390957e-05,1,1.2,2.220446049250313e-16,4.440892098500626e-15,0,,,,,
square,3,2,bare_native,bare_native,uniform_kmesh,256,16,,metal,2.5,0.001,5.0,0.002,0.09410815529611201,0.09410815529611163,0.037515610041606494,0.9999999999999993,-2.6065396516004995,-1.3032698258002497,-0.2942846486715747,-0.14714232433578736,0.18757805020803248,0.09378902510401624,-0.05335329923177112,3.0234439692142503e-05,1,0.7,0.0,3.1086244689504383e-15,0,,,,,
square,3,2,bare_native,bare_native,uniform_kmesh,1024,32,,metal,2.5,0.001,5.0,0.002,0.09814202031067545,0.09814202031067512,0.03817107073959091,1.0000000000000009,-2.606761031794054,-1.303380515897027,-0.29790210707695747,-0.14895105353847873,0.19085535369795456,0.09542767684897728,-0.05352337668950145,2.9327923063360396e-05,1,0.7,2.220446049250313e-16,3.552713678800501e-15,0,,,,,
square,3,2,bare_native,bare_native,uniform_kmesh,4096,64,,metal,2.5,0.001,5.0,0.002,0.09898370780630844,0.09898370780630812,0.03830557761817034,1.0000000000000016,-2.6067875854979903,-1.3033937927489951,-0.29863981957423735,-0.14931990978711868,0.1915278880908517,0.09576394404542585,-0.05355596574169283,2.8805643343022887e-05,1,0.7,2.220446049250313e-16,3.6637359812630166e-15,0,,,,,
square,3,2,bare_native,bare_native,continuum_elliptic_dos,4001,,4001,metal,2.5,0.001,5.0,0.002,0.09905803678135865,0.09905803678135827,0.03831797033416122,1.0000000000000002,-2.6067896352585826,-1.3033948176292913,-0.29870957978012447,-0.14935478989006223,0.1915898516708061,0.09579492583540306,-0.05355986405465918,2.885590189412534e-05,1,0.7,0.0,3.774758283725532e-15,0,,,,,
square,3,2,bare_native,bare_native,uniform_kmesh,256,16,,metal,3.0,0.001,6.0,0.002,0.0001962576404391725,0.0001962576404391715,0.014278704391364416,0.9999999999999994,-3.085615390083067,-1.5428076950415335,-0.1703393837655688,-0.0851696918827844,0.0856722263481865,0.04283611317409325,-0.04233357870869116,2.5118980050692062e-05,1,0.2,2.220446049250313e-16,1.1945999744966684e-13,0,,,,,
square,3,2,bare_native,bare_native,uniform_kmesh,1024,32,,metal,3.0,0.001,6.0,0.002,0.012677970666170513,0.012677970666170468,0.014051578292841815,1.0000000000000009,-3.082953314865474,-1.541476657432737,-0.17119305964805762,-0.08559652982402881,0.08430946975705089,0.042154734878525446,-0.04344179494550336,0.005564775334991122,0,0.2,0.0,1.021405182655144e-14,0,,,,,
square,3,2,bare_native,bare_native,uniform_kmesh,4096,64,,metal,3.0,0.001,6.0,0.002,0.012677711628006037,0.012677711628005994,0.014051857067092171,1.0000000000000004,-3.082953615687508,-1.541476807843754,-0.17119549624986763,-0.08559774812493381,0.08431114240255302,0.04215557120127651,-0.0434421769236573,0.005564912020547996,0,0.2,0.0,1.021405182655144e-14,0,,,,,
square,3,2,bare_native,bare_native,continuum_elliptic_dos,4001,,4001,metal,3.0,0.001,6.0,0.002,0.012677872798103599,0.012677872798103552,0.014052619618801686,1.0000000000000016,-3.0829540611903035,-1.5414770305951517,-0.1711993057034884,-0.0855996528517442,0.08431571771281011,0.04215785885640506,-0.043441793995339144,0.0055650260326332,0,0.2,0.0,1.0658141036401503e-14,0,,,,,
square,3,2,bare_native,bare_native,uniform_kmesh,256,16,,insulator,1.0,0.001,2.0,0.002,6.04322065127296e-12,6.043220651272939e-12,0.1722743661097446,1.0,-1.280465797054564,-0.640232898527282,-0.6293684496200036,-0.3146842248100018,0.3445487322194892,0.1722743661097446,-0.1424098587002572,0.0022623541963204224,0,2.2,0.0,3.3808011945524186e-11,1,,,,,
square,3,2,bare_native,bare_native,uniform_kmesh,1024,32,,insulator,1.0,0.001,2.0,0.002,6.043059196797144e-12,6.043059196797121e-12,0.1722732717529461,0.9999999999999998,-1.2804656327780393,-0.6402328163890196,-0.6293659951021843,-0.31468299755109214,0.3445465435058922,0.1722732717529461,-0.14240972579814604,0.0022623874822715858,0,2.2,4.440892098500626e-16,3.8869518714790274e-11,1,,,,,
square,3,2,bare_native,bare_native,uniform_kmesh,4096,64,,insulator,1.0,0.001,2.0,0.002,6.0429263754459226e-12,6.042926375445892e-12,0.17227229624172644,0.9999999999999998,-1.2804654734925087,-0.6402327367462544,-0.6293638043115094,-0.3146819021557547,0.34454459248345287,0.17227229624172644,-0.14240960591402826,0.0022623874511287344,0,2.2,2.220446049250313e-16,3.4060032572114096e-11,1,,,,,
square,3,2,bare_native,bare_native,continuum_elliptic_dos,4001,,4001,insulator,1.0,0.001,2.0,0.002,6.042987025462466e-12,6.042987025462435e-12,0.172272766950116,1.0000000000000002,-1.2804656150055784,-0.6402328075027892,-0.6293649230447449,-0.31468246152237245,0.344545533900232,0.172272766950116,-0.14240969457225644,0.002262396613862478,0,2.2,0.0,4.0084491281788814e-11,1,,,,,
square,3,2,bare_native,bare_native,uniform_kmesh,256,16,,insulator,2.0,0.001,4.0,0.002,1.9117442415506114e-09,1.911744241550604e-09,0.033153956690501675,0.9999999999999996,-2.1291322921373066,-1.0645661460686533,-0.2615432819986367,-0.13077164099931834,0.1326158267620067,0.06630791338100335,-0.064463727618315,7.313919221867584e-05,1,1.2,2.220446049250313e-16,9.57101065068855e-12,1,,,,,
square,3,2,bare_native,bare_native,uniform_kmesh,1024,32,,insulator,2.0,0.001,4.0,0.002,1.9141461585004435e-09,1.914146158500437e-09,0.033154754983289084,1.0,-2.129133738702329,-1.0645668693511645,-0.26154946640170323,-0.13077473320085162,0.13261901993315633,0.06630950996657817,-0.06446522323427345,7.33241902334645e-05,1,1.2,2.220446049250313e-16,9.754419494356625e-12,1,,,,,
square,3,2,bare_native,bare_native,uniform_kmesh,4096,64,,insulator,2.0,0.001,4.0,0.002,1.917513247018729e-09,1.9175132470187217e-09,0.0331545954506162,1.0000000000000004,-2.129133449868739,-1.0645667249343695,-0.2615482304109059,-0.13077411520545296,0.1326183818024648,0.0663091909012324,-0.06446492430422056,7.328743732853423e-05,1,1.2,0.0,8.946843266244286e-12,1,,,,,
square,3,2,bare_native,bare_native,continuum_elliptic_dos,4001,,4001,insulator,2.0,0.001,4.0,0.002,1.917107724489791e-09,1.9171077244897833e-09,0.03315407941839249,0.9999999999999999,-2.1291325126306546,-1.0645662563153273,-0.2615442188053881,-0.13077210940269404,0.13261631767356996,0.06630815883678498,-0.06446395056590906,7.316655421755994e-05,1,1.2,0.0,1.2144951710979512e-11,1,,,,,
square,3,2,bare_native,bare_native,uniform_kmesh,256,16,,insulator,2.5,0.001,5.0,0.002,5.744346355827918e-11,5.7443463558278936e-11,0.020782164139596805,0.9999999999999999,-2.6028623024726407,-1.3014311512363204,-0.20608763214818843,-0.10304381607409421,0.10391082069798402,0.05195541034899201,-0.051088405725102204,4.197488480989236e-05,1,0.7,2.220446049250313e-16,4.799427522073074e-11,1,,,,,
square,3,2,bare_native,bare_native,uniform_kmesh,1024,32,,insulator,2.5,0.001,5.0,0.002,2.2569420496470445e-10,2.2569420496470375e-10,0.020791805331745485,0.9999999999999994,-2.6028851612792927,-1.3014425806396464,-0.2061826492690674,-0.1030913246345337,0.10395902665872743,0.051979513329363715,-0.05111181130516999,4.4838079187100406e-05,1,0.7,2.220446049250313e-16,4.543454501515498e-11,1,,,,,
square,3,2,bare_native,bare_native,uniform_kmesh,4096,64,,insulator,2.5,0.001,5.0,0.002,9.022312375759875e-10,9.022312375759843e-10,0.020798444127112722,1.0,-2.6029009338485167,-1.3014504669242584,-0.20624846508655592,-0.10312423254327796,0.10399222063556361,0.051996110317781806,-0.051128122225496155,4.688323020417393e-05,1,0.7,0.0,4.086841975947664e-11,1,,,,,
square,3,2,bare_native,bare_native,continuum_elliptic_dos,4001,,4001,insulator,2.5,0.001,5.0,0.002,5.717618874009309e-11,5.717618874009281e-11,0.020789976337438863,1.0000000000000004,-2.6028809408693974,-1.3014404704346987,-0.20616472398404806,-0.10308236199202403,0.10394988168719432,0.05197494084359716,-0.05110742114842687,4.4297849361870034e-05,1,0.7,2.220446049250313e-16,8.044209742763542e-11,1,,,,,
square,3,2,bare_native,bare_native,uniform_kmesh,256,16,,insulator,3.0,0.001,6.0,0.002,1.1386939216605552e-09,1.138693921660551e-09,0.014292942948422564,0.9999999999999998,-3.0856710313002758,-1.5428355156501379,-0.1705543923711026,-0.0852771961855513,0.08575765769053538,0.04287882884526769,-0.042398367340283606,3.2974607409925485e-05,1,0.2,0.0,1.659516968288699e-11,1,,,,,
square,3,2,bare_native,bare_native,uniform_kmesh,1024,32,,insulator,3.0,0.001,6.0,0.002,1.9497746546098167e-08,1.949774654609809e-08,0.014304983962857043,1.0,-3.085706223151398,-1.542853111575699,-0.1706996328672542,-0.0853498164336271,0.08582990377714225,0.042914951888571126,-0.042434864545055975,3.8000634036747647e-05,1,0.2,4.440892098500626e-16,8.404832385622285e-12,0,,,,,
square,3,2,bare_native,bare_native,uniform_kmesh,4096,64,,insulator,3.0,0.001,6.0,0.002,1.9675182103524917e-08,1.9675182103524818e-08,0.014305134186896641,1.0000000000000004,-3.0857064887889862,-1.5428532443944931,-0.17070090059256673,-0.08535045029628337,0.08583080512137985,0.04291540256068992,-0.042435047735593444,3.803979276513018e-05,1,0.2,2.220446049250313e-16,1.0486278512189529e-11,0,,,,,
square,3,2,bare_native,bare_native,continuum_elliptic_dos,4001,,4001,insulator,3.0,0.001,6.0,0.002,4.6903779468039344e-09,4.690377946803911e-09,0.014297064119617295,0.9999999999999997,-3.0856830142792795,-1.5428415071396397,-0.17060378755825564,-0.08530189377912782,0.08578238471770377,0.04289119235885189,-0.042410701420275934,3.4620978794143816e-05,1,0.2,0.0,1.468469790211202e-11,1,,,,,
square,3,2,bare_native,bare_native,uniform_kmesh,256,16,,noninteracting,0.0,0.01,0.0,0.02,1.0,1.0,0.25,1.0,nan,nan,-0.8054419490340057,-0.40272097451700284,0.0,0.0,-0.40272097451700284,0.0,1,3.2,,,,,,,,
square,3,2,bare_native,bare_native,uniform_kmesh,1024,32,,noninteracting,0.0,0.01,0.0,0.02,1.0,1.0,0.25,1.0,nan,nan,-0.809272413436074,-0.404636206718037,0.0,0.0,-0.404636206718037,0.0,1,3.2,,,,,,,,
square,3,2,bare_native,bare_native,uniform_kmesh,4096,64,,noninteracting,0.0,0.01,0.0,0.02,1.0,1.0,0.25,1.0,nan,nan,-0.8102442621716828,-0.4051221310858414,0.0,0.0,-0.4051221310858414,0.0,1,3.2,,,,,,,,
square,3,2,bare_native,bare_native,continuum_elliptic_dos,4001,,4001,noninteracting,0.0,0.01,0.0,0.02,1.0,1.0,0.25,1.0,nan,nan,-0.8105696150591406,-0.4052848075295703,0.0,0.0,-0.4052848075295703,0.0,1,3.2,,,,,,,,
square,3,2,bare_native,bare_native,uniform_kmesh,256,16,,metal,1.0,0.01,2.0,0.02,0.730798179840694,0.7307981798406933,0.15927918831115176,0.9999999999999988,-1.4003188555192487,-0.7001594277596244,-0.7155030951234753,-0.35775154756173766,0.3185583766223035,0.15927918831115176,-0.1984723592505859,1.0426603819721804e-05,1,2.2,0.0,5.773159728050814e-15,0,,,,,
square,3,2,bare_native,bare_native,uniform_kmesh,1024,32,,metal,1.0,0.01,2.0,0.02,0.7377613940611927,0.7377613940611918,0.16005518251131523,0.9999999999999766,-1.401746403080871,-0.7008732015404355,-0.7196680701491209,-0.35983403507456047,0.32011036502263046,0.16005518251131523,-0.19977885256324523,1.014719194374573e-05,1,2.2,0.0,5.10702591327572e-15,0,,,,,
square,3,2,bare_native,bare_native,uniform_kmesh,4096,64,,metal,1.0,0.01,2.0,0.02,0.7388647361427243,0.7388647361427235,0.1601791344638809,0.9999999999999813,-1.4018820740301976,-0.7009410370150988,-0.7203361394792186,-0.3601680697396093,0.3203582689277618,0.1601791344638809,-0.1999889352757284,1.0055849363980136e-05,1,2.2,0.0,4.884981308350689e-15,0,,,,,
square,3,2,bare_native,bare_native,continuum_elliptic_dos,4001,,4001,metal,1.0,0.01,2.0,0.02,0.7389155273167108,0.7389155273167101,0.1601849755816764,0.9999999999999806,-1.40188565044118,-0.70094282522059,-0.7203679184782976,-0.3601839592391488,0.3203699511633528,0.1601849755816764,-0.1999989836574724,1.0058129945815809e-05,1,2.2,0.0,5.329070518200751e-15,0,,,,,
square,3,2,bare_native,bare_native,uniform_kmesh,256,16,,metal,2.0,0.01,4.0,0.02,0.27994460993687575,0.2799446099368749,0.07541563512361761,1.0000000000000036,-2.1666752490329237,-1.0833376245164619,-0.46397467964938754,-0.23198733982469377,0.30166254049447044,0.15083127024723522,-0.08115606957745855,2.4562518890005527e-05,1,1.2,0.0,5.10702591327572e-15,0,,,,,
square,3,2,bare_native,bare_native,uniform_kmesh,1024,32,,metal,2.0,0.01,4.0,0.02,0.2824599449352076,0.2824599449352066,0.0757369911483525,0.9999999999999987,-2.1667785466285423,-1.0833892733142712,-0.4656920926579467,-0.23284604632897335,0.30294796459341,0.151473982296705,-0.08137206403226835,2.404787059335241e-05,1,1.2,2.220446049250313e-16,4.218847493575595e-15,0,,,,,
square,3,2,bare_native,bare_native,uniform_kmesh,4096,64,,metal,2.0,0.01,4.0,0.02,0.2825117033010048,0.28251170330100395,0.07574372579352878,0.9999999999999997,-2.1667798085138124,-1.0833899042569062,-0.46572839954236833,-0.23286419977118417,0.30297490317411513,0.15148745158705756,-0.0813767481841266,2.4051681464974654e-05,1,1.2,2.220446049250313e-16,3.3306690738754696e-15,0,,,,,
square,3,2,bare_native,bare_native,continuum_elliptic_dos,4001,,4001,metal,2.0,0.01,4.0,0.02,0.28251191006243864,0.28251191006243787,0.07574376389323328,0.9999999999999993,-2.166779864589124,-1.083389932294562,-0.4657286277364837,-0.23286431386824186,0.30297505557293314,0.15148752778646657,-0.08137678608177529,2.405241046319785e-05,1,1.2,0.0,3.774758283725532e-15,0,,,,,
square,3,2,bare_native,bare_native,uniform_kmesh,256,16,,metal,2.5,0.01,5.0,0.02,0.007641954798323842,0.00764195479832381,0.02138811020568657,1.0000000000000009,-2.6155819173508874,-1.3077909586754437,-0.20898810671940524,-0.10449405335970262,0.10694055102843285,0.053470275514216424,-0.051023777845486194,3.4119108062898626e-05,1,0.7,2.220446049250313e-16,8.659739592076221e-15,0,,,,,
square,3,2,bare_native,bare_native,uniform_kmesh,1024,32,,metal,2.5,0.01,5.0,0.02,0.0076421668015594635,0.007642166801559432,0.021388042705795345,0.9999999999999993,-2.6155817116280247,-1.3077908558140123,-0.20898733444292852,-0.10449366722146426,0.10694021352897673,0.053470106764488365,-0.0510235604569759,3.409543044454212e-05,1,0.7,0.0,1.354472090042691e-14,0,,,,,
square,3,2,bare_native,bare_native,uniform_kmesh,4096,64,,metal,2.5,0.01,5.0,0.02,0.007641673911552822,0.007641673911552788,0.021388204266751885,1.0000000000000013,-2.6155822031987093,-1.3077911015993546,-0.20898918592971805,-0.10449459296485902,0.10694102133375943,0.05347051066687972,-0.051024082297979306,3.415202038833266e-05,1,0.7,0.0,1.1546319456101628e-14,0,,,,,
square,3,2,bare_native,bare_native,continuum_elliptic_dos,4001,,4001,metal,2.5,0.01,5.0,0.02,0.007641604521009744,0.00764160452100971,0.021388227141040248,1.000000000000001,-2.6155822735879397,-1.3077911367939699,-0.20898944336065473,-0.10449472168032736,0.10694113570520124,0.05347056785260062,-0.051024153827726744,3.4159503802840086e-05,1,0.7,4.440892098500626e-16,1.4432899320127035e-14,0,,,,,
square,3,2,bare_native,bare_native,uniform_kmesh,256,16,,metal,3.0,0.01,6.0,0.02,0.001995005746377941,0.001995005746377932,0.014346362010947904,1.0,-3.0981587310431102,-1.5490793655215551,-0.17073209371263717,-0.08536604685631859,0.08607817206568742,0.04303908603284371,-0.042326960823474875,2.445773168582438e-05,1,0.2,0.0,3.1530333899354446e-14,0,,,,,
square,3,2,bare_native,bare_native,uniform_kmesh,1024,32,,metal,3.0,0.01,6.0,0.02,0.001992419960401001,0.001992419960400992,0.014348001717342447,0.9999999999999998,-3.098163702671144,-1.549081851335572,-0.1707523034123693,-0.08537615170618465,0.08608801030405468,0.04304400515202734,-0.04233214655415731,2.5037037936803554e-05,1,0.2,0.0,2.5757174171303632e-14,0,,,,,
square,3,2,bare_native,bare_native,uniform_kmesh,4096,64,,metal,3.0,0.01,6.0,0.02,0.0019910861613569126,0.0019910861613569044,0.014348864635022449,1.0,-3.098166317964033,-1.5490831589820164,-0.1707629132571992,-0.0853814566285996,0.0860931878101347,0.04304659390506735,-0.04233486272353225,2.5344510266171747e-05,1,0.2,0.0,2.1760371282653068e-14,0,,,,,
square,3,2,bare_native,bare_native,continuum_elliptic_dos,4001,,4001,metal,3.0,0.01,6.0,0.02,0.0019911128826745634,0.0019911128826745565,0.01434883979086903,1.0000000000000004,-3.0981662441237603,-1.5490831220618801,-0.1707626065075795,-0.08538130325378974,0.08609303874521418,0.04304651937260709,-0.042334783881182655,2.5335352010459854e-05,1,0.2,0.0,2.708944180085382e-14,0,,,,,
square,3,2,bare_native,bare_native,uniform_kmesh,256,16,,insulator,1.0,0.01,2.0,0.02,5.400173624606717e-12,5.400173624606693e-12,0.16745094332609287,1.0000000000000002,-1.2922141522193655,-0.6461070761096828,-0.6181911172819627,-0.30909555864098137,0.33490188665218573,0.16745094332609287,-0.1416446153148885,0.002379882512970809,0,2.2,0.0,2.8687718867104195e-11,1,,,,,
square,3,2,bare_native,bare_native,uniform_kmesh,1024,32,,insulator,1.0,0.01,2.0,0.02,5.399978846253546e-12,5.3999788462535224e-12,0.1674492828974434,0.9999999999999997,-1.2922138766180034,-0.6461069383090017,-0.6181874357320718,-0.3090937178660359,0.3348985657948868,0.1674492828974434,-0.1416444349685925,0.002379898311413622,0,2.2,2.220446049250313e-16,4.1498970926312495e-11,1,,,,,
square,3,2,bare_native,bare_native,uniform_kmesh,4096,64,,insulator,1.0,0.01,2.0,0.02,5.39986811439674e-12,5.3998681144114615e-12,0.16744837866705384,1.0000000000000004,-1.292213654941552,-0.646106827470776,-0.6181852839119223,-0.30909264195596114,0.3348967573341077,0.16744837866705384,-0.1416442632889073,0.0023798654901785866,0,2.2,2.220446049250313e-16,2.6403323971635473e-11,1,,,,,
square,3,2,bare_native,bare_native,continuum_elliptic_dos,4001,,4001,insulator,1.0,0.01,2.0,0.02,5.399870625394067e-12,5.399870625394051e-12,0.16744836456752224,1.0,-1.292213776891458,-0.646106888445729,-0.6181854480627499,-0.30909272403137494,0.3348967291350445,0.16744836456752224,-0.1416443594638527,0.0023799044240142017,0,2.2,0.0,3.5512759399836114e-11,1,,,,,
square,3,2,bare_native,bare_native,uniform_kmesh,256,16,,insulator,2.0,0.01,4.0,0.02,1.8976817280165914e-09,1.897681728016583e-09,0.03315402255606306,0.9999999999999993,-2.141609058276444,-1.070804529138222,-0.2615437861318673,-0.13077189306593365,0.13261609022425225,0.06630804511212612,-0.06446384795380752,7.315333889695314e-05,1,1.2,0.0,8.440581567015215e-12,1,,,,,
square,3,2,bare_native,bare_native,uniform_kmesh,1024,32,,insulator,2.0,0.01,4.0,0.02,1.895232528233001e-09,1.895232528232993e-09,0.03315281916243677,0.9999999999999992,-2.141606876170151,-1.0708034380850755,-0.2615344604097599,-0.13076723020487996,0.1326112766497471,0.06630563832487354,-0.06446159188000641,7.287473324073379e-05,1,1.2,2.220446049250313e-16,8.003153695312903e-12,1,,,,,
square,3,2,bare_native,bare_native,uniform_kmesh,4096,64,,insulator,2.0,0.01,4.0,0.02,1.8978168110117598e-09,1.897816811011751e-09,0.03315304199711082,1.0,-2.1416072797554975,-1.0708036398777487,-0.26153618490886504,-0.13076809245443252,0.13261216798844327,0.06630608399422164,-0.06446200846021088,7.292633588029325e-05,1,1.2,0.0,7.743583552155542e-12,1,,,,,
square,3,2,bare_native,bare_native,continuum_elliptic_dos,4001,,4001,insulator,2.0,0.01,4.0,0.02,1.8941831674019647e-09,1.8941831674019564e-09,0.033153427902214753,1.0000000000000004,-2.14160797963369,-1.070803989816845,-0.261539167739514,-0.130769583869757,0.13261371160885901,0.06630685580442951,-0.0644627280653275,7.301436263485116e-05,1,1.2,0.0,1.4049650332026431e-11,1,,,,,
square,3,2,bare_native,bare_native,uniform_kmesh,256,16,,insulator,2.5,0.01,5.0,0.02,2.217314949690033e-10,2.2173149496900235e-10,0.020790318507047656,1.0000000000000004,-2.615358272537069,-1.3076791362685345,-0.20616802175955487,-0.10308401087977744,0.10395159253523828,0.05197579626761914,-0.051108214612158295,4.4389399901607385e-05,1,0.7,0.0,3.4639402457514734e-11,1,,,,,
square,3,2,bare_native,bare_native,uniform_kmesh,1024,32,,insulator,2.5,0.01,5.0,0.02,2.2149275533051922e-10,2.2149275533051842e-10,0.02079024154707105,1.0000000000000004,-2.6153580913674332,-1.3076790456837166,-0.206167267773946,-0.103083633886973,0.10395120773535524,0.05197560386767762,-0.051108030019295383,4.4366487117730045e-05,1,0.7,4.440892098500626e-16,2.6389779250735046e-11,1,,,,,
square,3,2,bare_native,bare_native,uniform_kmesh,4096,64,,insulator,2.5,0.01,5.0,0.02,2.2188193093044677e-10,2.2188193093044582e-10,0.020791413653430985,1.0000000000000009,-2.615360877877478,-1.307680438938739,-0.20617876619424327,-0.10308938309712164,0.10395706826715492,0.05197853413357746,-0.051110848963544175,4.4719483548588306e-05,1,0.7,0.0,2.7404301050637514e-11,1,,,,,
square,3,2,bare_native,bare_native,continuum_elliptic_dos,4001,,4001,insulator,2.5,0.01,5.0,0.02,2.2104153037362534e-10,2.210415303736245e-10,0.020790326917487757,1.0000000000000002,-2.61535829692793,-1.307679148463965,-0.20616810843257508,-0.10308405421628754,0.10395163458743878,0.05197581729371939,-0.05110823692256815,4.439179079559694e-05,1,0.7,0.0,4.0789815969333176e-11,1,,,,,
square,3,2,bare_native,bare_native,uniform_kmesh,256,16,,insulator,3.0,0.01,6.0,0.02,3.055768194289293e-10,3.055768194289279e-10,0.014286004174969232,1.0000000000000007,-3.0981274112788952,-1.5490637056394476,-0.1704711400562052,-0.0852355700281026,0.08571602504981539,0.042858012524907695,-0.042377557503194906,3.0346221455499115e-05,1,0.2,0.0,3.135669501830307e-11,1,,,,,
square,3,2,bare_native,bare_native,uniform_kmesh,1024,32,,insulator,3.0,0.01,6.0,0.02,3.0403794433755537e-10,3.0403794433755413e-10,0.01428596157474467,1.0000000000000007,-3.0981272807128377,-1.5490636403564189,-0.1704705406994035,-0.08523527034970176,0.08571576944846802,0.04285788472423401,-0.042377385625467744,3.032980805248901e-05,1,0.2,0.0,2.502575924268058e-11,1,,,,,
square,3,2,bare_native,bare_native,uniform_kmesh,4096,64,,insulator,3.0,0.01,6.0,0.02,3.060034460266635e-10,3.060034460266619e-10,0.014285833021674034,0.9999999999999999,-3.098126916798936,-1.549063458399468,-0.1704689251469679,-0.08523446257348395,0.0857149981300442,0.0428574990650221,-0.04237696350846185,3.028408043663304e-05,1,0.2,0.0,3.008082671840384e-11,1,,,,,
square,3,2,bare_native,bare_native,continuum_elliptic_dos,4001,,4001,insulator,3.0,0.01,6.0,0.02,3.049497558327022e-10,3.0494975583270097e-10,0.01428592627653421,1.0000000000000002,-3.098127191332207,-1.5490635956661034,-0.1704700056571847,-0.08523500282859235,0.08571555765920526,0.04285777882960263,-0.04237722399898972,3.0318323347140496e-05,1,0.2,0.0,3.4302782836448387e-11,1,,,,,
square,3,2,R_native,R_native,uniform_kmesh,256,16,,metal,2.0,0.001,4.0,0.002,0.2855375608002036,0.28553756080020276,0.07613015190503143,1.000000000000002,-2.1632110443579577,-1.0816055221789789,-0.46780694679631646,-0.23390347339815823,0.3045206076201257,0.15226030381006286,-0.08164316958809537,2.3762881571765793e-05,1,1.2,2.220446049250313e-16,2.886579864025407e-15,0,,,,,
square,3,2,R_native,R_native,uniform_kmesh,1024,32,,metal,2.0,0.001,4.0,0.002,0.2915863964312055,0.2915863964312047,0.07691698930042035,1.0000000000000018,-2.164174107852805,-1.0820870539264025,-0.47206376758010216,-0.23603188379005108,0.3076679572016814,0.1538339786008407,-0.08219790518921039,2.4284573185296403e-05,1,1.2,0.0,4.440892098500626e-15,0,,,,,
square,3,2,R_native,R_native,uniform_kmesh,4096,64,,metal,2.0,0.001,4.0,0.002,0.29318037167669025,0.2931803716766895,0.07711746337139998,0.9999999999999971,-2.164376889596994,-1.082188444798497,-0.4731350687229081,-0.23656753436145406,0.3084698534855999,0.15423492674279995,-0.0823326076186541,2.365342956696027e-05,1,1.2,0.0,3.774758283725532e-15,0,,,,,
square,3,2,R_native,R_native,continuum_elliptic_dos,4001,,4001,metal,2.0,0.001,4.0,0.002,0.2935635167388358,0.29356351673883496,0.07717006084509301,0.9999999999999999,-2.164418548911925,-1.0822092744559626,-0.47342665992743177,-0.23671332996371588,0.30868024338037203,0.15434012169018602,-0.08237320827352987,2.400373813033907e-05,1,1.2,1.1102230246251565e-16,3.1086244689504383e-15,0,,,,,
square,3,2,R_native,R_native,uniform_kmesh,256,16,,metal,2.5,0.001,5.0,0.002,0.35384380005195026,0.3538438000519493,0.05224480728559393,0.9999999999999996,-2.5503576845639486,-1.2751788422819743,-0.32088972597379356,-0.16044486298689678,0.26122403642796965,0.13061201821398483,-0.029832844772911954,0.00029509150965736225,1,0.7,0.0,4.440892098500626e-14,0,,,,,
square,3,2,R_native,R_native,uniform_kmesh,1024,32,,metal,2.5,0.001,5.0,0.002,0.35945971595638504,0.35945971595638393,0.05317015682542722,1.000000000000001,-2.5515823499809756,-1.2757911749904878,-0.32674036839733245,-0.16337018419866622,0.26585078412713614,0.13292539206356807,-0.030444792135098153,0.0002908805321944156,1,0.7,2.220446049250313e-16,3.730349362740526e-14,0,,,,,
square,3,2,R_native,R_native,uniform_kmesh,4096,64,,metal,2.5,0.001,5.0,0.002,0.3608629081187143,0.36086290811871335,0.053401981183286956,0.9999999999999997,-2.5518568744382435,-1.2759284372191217,-0.3282108346099942,-0.1641054173049971,0.2670099059164348,0.1335049529582174,-0.030600464346779682,0.00028981769561605325,1,0.7,2.220446049250313e-16,4.263256414560601e-14,0,,,,,
square,3,2,R_native,R_native,continuum_elliptic_dos,4001,,4001,metal,2.5,0.001,5.0,0.002,0.36126497797715046,0.3612649779771494,0.05346845314233215,1.0,-2.5519142738964575,-1.2759571369482288,-0.328632770524919,-0.1643163852624595,0.26734226571166075,0.13367113285583038,-0.03064525240662913,0.00028951223094158266,1,0.7,0.0,3.375077994860476e-14,0,,,,,
square,3,2,R_native,R_native,uniform_kmesh,256,16,,metal,3.0,0.001,6.0,0.002,0.09630846752805776,0.0963084675280574,0.013409261051987578,0.9999999999999989,-3.016836811970961,-1.5084184059854806,-0.10976583703980783,-0.054882918519903914,0.08045556631192546,0.04022778315596273,-0.014655135363941182,0.0003649623106903559,1,0.2,0.0,2.4868995751603507e-14,0,,,,,
square,3,2,R_native,R_native,uniform_kmesh,1024,32,,metal,3.0,0.001,6.0,0.002,0.10338437064276086,0.10338437064276049,0.014419589898218559,0.9999999999999922,-3.0170955174566956,-1.5085477587283478,-0.11610829668092655,-0.058054148340463275,0.08651753938931135,0.043258769694655676,-0.0147953786458076,0.00036246936874771566,1,0.2,0.0,3.197442310920451e-14,0,,,,,
square,3,2,R_native,R_native,uniform_kmesh,4096,64,,metal,3.0,0.001,6.0,0.002,0.10486872067007036,0.10486872067006997,0.01463194299340536,0.9999999999999973,-3.01713350478758,-1.50856675239379,-0.11744300673680734,-0.05872150336840367,0.08779165796043216,0.04389582898021608,-0.01482567438818759,0.0003619004588757306,1,0.2,2.220446049250313e-16,3.552713678800501e-14,0,,,,,
square,3,2,R_native,R_native,continuum_elliptic_dos,4001,,4001,metal,3.0,0.001,6.0,0.002,0.10502548791647279,0.10502548791647244,0.014654383794183483,0.9999999999999964,-3.017135932744381,-1.5085679663721905,-0.11758409196571042,-0.05879204598285521,0.0879263027651009,0.04396315138255045,-0.01482889460030476,0.0003618434103471764,1,0.2,3.3306690738754696e-16,2.042810365310288e-14,0,,,,,
square,3,2,R_native,R_native,uniform_kmesh,256,16,,insulator,2.0,0.001,4.0,0.002,7.417471414864331e-09,7.417471414864299e-09,0.03316962085462629,1.0,-2.1291607914258286,-1.0645803957129143,-0.26166490690773464,-0.13083245345386732,0.13267848341850516,0.06633924170925258,-0.06449321174461474,7.711200535518998e-05,1,1.2,0.0,6.305622690661039e-12,1,,,,,
square,3,2,R_native,R_native,uniform_kmesh,1024,32,,insulator,2.0,0.001,4.0,0.002,7.4465169586091795e-09,7.446516958609147e-09,0.033174647588551126,0.9999999999999991,-2.1291699559563604,-1.0645849779781802,-0.26170400503968694,-0.13085200251984347,0.1326985903542045,0.06634929517710225,-0.06450270734274122,7.831311108256502e-05,1,1.2,0.0,4.36206626375224e-12,1,,,,,
square,3,2,R_native,R_native,uniform_kmesh,4096,64,,insulator,2.0,0.001,4.0,0.002,7.563611847948455e-09,7.563611847948427e-09,0.0331931178040177,0.999999999999999,-2.129203679312745,-1.0646018396563726,-0.2618478201140727,-0.13092391005703635,0.1327724712160708,0.0663862356080354,-0.06453767444900095,8.281568517762957e-05,1,1.2,0.0,7.315703598465007e-12,1,,,,,
square,3,2,R_native,R_native,continuum_elliptic_dos,4001,,4001,insulator,2.0,0.001,4.0,0.002,7.615617136912219e-09,7.615617136912186e-09,0.03320278236567267,1.0000000000000002,-2.1292213562970055,-1.0646106781485027,-0.261923154923915,-0.1309615774619575,0.1328111294626907,0.06640556473134535,-0.06455601273061215,8.522541126803151e-05,1,1.2,0.0,4.7122306057190144e-12,1,,,,,
square,3,2,R_native,R_native,uniform_kmesh,256,16,,insulator,2.5,0.001,5.0,0.002,3.921929447878176e-10,3.9219294478781665e-10,0.0207935234641987,0.9999999999999996,-2.602889267899773,-1.3014446339498864,-0.20619934304246923,-0.10309967152123461,0.10396761732099351,0.051983808660496754,-0.05111586286073786,4.5366389884013535e-05,1,0.7,0.0,1.9376500404177932e-11,1,,,,,
square,3,2,R_native,R_native,uniform_kmesh,1024,32,,insulator,2.5,0.001,5.0,0.002,9.405329404190693e-09,9.405329404190664e-09,0.020813795536783006,1.0000000000000004,-2.6029374922350748,-1.3014687461175374,-0.20640032069388384,-0.10320016034694192,0.10406897768391503,0.052034488841957514,-0.051165671504984404,5.1954989853892054e-05,1,0.7,4.440892098500626e-16,2.26885177312397e-12,1,,,,,
square,3,2,R_native,R_native,uniform_kmesh,4096,64,,insulator,2.5,0.001,5.0,0.002,2.11578832229921e-09,2.1157883222992004e-09,0.020798081058700253,1.0,-2.6029000574070693,-1.3014500287035347,-0.20624486362720082,-0.10312243181360041,0.10399040529350126,0.05199520264675063,-0.05112722916684978,4.680239198156282e-05,1,0.7,2.220446049250313e-16,1.574207431076502e-11,1,,,,,
square,3,2,R_native,R_native,continuum_elliptic_dos,4001,,4001,insulator,2.5,0.001,5.0,0.002,2.1679473771475922e-09,2.1679473771475835e-09,0.02080385395899905,1.0000000000000002,-2.602913837428474,-1.301456918714237,-0.20630178195746962,-0.10315089097873481,0.10401926979499526,0.05200963489749763,-0.05114125608123718,4.860626687005418e-05,1,0.7,0.0,2.6208368808511295e-11,1,,,,,
square,3,2,R_native,R_native,uniform_kmesh,256,16,,insulator,3.0,0.001,6.0,0.002,2.390597098049124e-08,2.390597098049114e-08,0.014292669934458055,0.9999999999999999,-3.08567010164802,-1.54283505082401,-0.1705513325872695,-0.08527566629363476,0.08575601960674833,0.04287800980337417,-0.04239765649026059,3.319505491938137e-05,1,0.2,2.220446049250313e-16,1.0016432128168162e-11,0,,,,,
square,3,2,R_native,R_native,uniform_kmesh,1024,32,,insulator,3.0,0.001,6.0,0.002,2.3915553870522534e-08,2.3915553870522425e-08,0.014291757538064402,0.9999999999999994,-3.0856675041789074,-1.5428337520894537,-0.17053997575484423,-0.08526998787742211,0.08575054522838642,0.04287527261419321,-0.0423947152632289,3.28603692631116e-05,1,0.2,2.220446049250313e-16,8.638423310003418e-12,0,,,,,
square,3,2,R_native,R_native,uniform_kmesh,4096,64,,insulator,3.0,0.001,6.0,0.002,6.240708649852409e-08,6.240708649852384e-08,0.014298049651260839,1.0000000000000009,-3.085685700987831,-1.5428428504939156,-0.17061509012284218,-0.08530754506142109,0.08578829790756504,0.04289414895378252,-0.04241339610763857,3.577994058216802e-05,1,0.2,0.0,4.151345933678385e-12,0,,,,,
square,3,2,R_native,R_native,continuum_elliptic_dos,4001,,4001,insulator,3.0,0.001,6.0,0.002,1.8393556966423001e-07,1.8393556966422933e-07,0.014305076460600006,0.9999999999999999,-3.085706441547117,-1.5428532207735586,-0.17070046671713382,-0.08535023335856691,0.08583045876360004,0.04291522938180002,-0.04243500397676689,4.003326692432885e-05,1,0.2,0.0,2.7826629889204924e-12,0,,,,,
square,3,2,R_native,R_native,uniform_kmesh,256,16,,metal,2.0,0.01,4.0,0.02,0.2797404215558246,0.2797404215558238,0.07540903125013368,0.9999999999999996,-2.166694276032885,-1.0833471380164426,-0.4639848623979086,-0.2319924311989543,0.3016361250005347,0.15081806250026736,-0.08117436869868694,2.690038913124637e-05,1,1.2,4.440892098500626e-16,4.218847493575595e-15,0,,,,,
square,3,2,R_native,R_native,uniform_kmesh,1024,32,,metal,2.0,0.01,4.0,0.02,0.2824383063458087,0.28243830634580813,0.07573623333450133,1.0000000000000009,-2.1667805234446895,-1.0833902617223448,-0.46569280232892507,-0.23284640116446254,0.3029449333380053,0.15147246666900266,-0.08137393449545988,2.428517814911063e-05,1,1.2,2.220446049250313e-16,3.3306690738754696e-15,0,,,,,
square,3,2,R_native,R_native,uniform_kmesh,4096,64,,metal,2.0,0.01,4.0,0.02,0.28249140673407314,0.2824914067340723,0.07574301277976644,0.9999999999999993,-2.1667816604806553,-1.0833908302403277,-0.46572905072380233,-0.23286452536190116,0.3029720511190658,0.1514860255595329,-0.08137849980236828,2.4274024838719025e-05,1,1.2,2.220446049250313e-16,4.218847493575595e-15,0,,,,,
square,3,2,R_native,R_native,continuum_elliptic_dos,4001,,4001,metal,2.0,0.01,4.0,0.02,0.28249211785203115,0.2824921178520303,0.07574306828988484,1.000000000000003,-2.1667816713754213,-1.0833908356877107,-0.46572926055509956,-0.23286463027754978,0.30297227315953934,0.15148613657976967,-0.08137849369778011,2.4269320632922154e-05,1,1.2,0.0,3.774758283725532e-15,0,,,,,
square,3,2,R_native,R_native,uniform_kmesh,256,16,,metal,2.5,0.01,5.0,0.02,0.3510230976173536,0.35102309761735256,0.05178262002722913,1.0000000000000016,-2.553637765589471,-1.2768188827947355,-0.317975274121866,-0.158987637060933,0.25891310013614566,0.12945655006807283,-0.029531086992860167,0.0002971450776015377,1,0.7,2.220446049250313e-16,4.263256414560601e-14,0,,,,,
square,3,2,R_native,R_native,uniform_kmesh,1024,32,,metal,2.5,0.01,5.0,0.02,0.3543490913910103,0.3543490913910094,0.05232895198734857,0.9999999999999983,-2.5538813149159836,-1.2769406574579918,-0.32141666717377465,-0.16070833358688733,0.26164475993674285,0.13082237996837143,-0.029885953618515898,0.0002947032354586372,1,0.7,2.220446049250313e-16,3.907985046680551e-14,0,,,,,
square,3,2,R_native,R_native,uniform_kmesh,4096,64,,metal,2.5,0.01,5.0,0.02,0.35448877407912277,0.3544887740791217,0.052351925533842984,0.9999999999999998,-2.553886984675316,-1.276943492337658,-0.3215614663514126,-0.1607807331757063,0.2617596276692149,0.13087981383460745,-0.02990091934109884,0.00029460042397080357,1,0.7,1.1102230246251565e-16,3.730349362740526e-14,0,,,,,
square,3,2,R_native,R_native,continuum_elliptic_dos,4001,,4001,metal,2.5,0.01,5.0,0.02,0.3544893049560757,0.35448930495607484,0.05235201257596023,1.0000000000000007,-2.553887041968771,-1.2769435209843856,-0.32156202794541167,-0.16078101397270583,0.26176006287980114,0.13088003143990057,-0.029900982532805265,0.0002946000266881194,1,0.7,2.220446049250313e-16,3.375077994860476e-14,0,,,,,
square,3,2,R_native,R_native,uniform_kmesh,256,16,,metal,3.0,0.01,6.0,0.02,0.1411601064745065,0.14116010647450603,0.020222103976168155,0.9999999999999999,-3.021548048173088,-1.510774024086544,-0.14481139357685668,-0.07240569678842834,0.12133262385700894,0.06066631192850447,-0.011739384859923874,0.0015707303128430186,0,0.2,0.0,2.6645352591003757e-14,0,,,,,
square,3,2,R_native,R_native,uniform_kmesh,1024,32,,metal,3.0,0.01,6.0,0.02,0.14148576236553131,0.14148576236553076,0.020266593861042466,0.9999999999999996,-3.0215287173979775,-1.5107643586989887,-0.14509681374394243,-0.07254840687197121,0.1215995631662548,0.0607997815831274,-0.011748625288843816,0.001566835912359462,0,0.2,2.220446049250313e-16,3.552713678800501e-14,0,,,,,
square,3,2,R_native,R_native,uniform_kmesh,4096,64,,metal,3.0,0.01,6.0,0.02,0.14147424727771055,0.14147424727771007,0.020265431793786138,1.000000000000001,-3.021532619596236,-1.510766309798118,-0.14509621484050633,-0.07254810742025317,0.12159259076271683,0.06079629538135842,-0.011751812038894749,0.0015674109947222598,0,0.2,0.0,2.1316282072803006e-14,0,,,,,
square,3,2,R_native,R_native,continuum_elliptic_dos,4001,,4001,metal,3.0,0.01,6.0,0.02,0.14146584220785177,0.14146584220785124,0.020264271446012942,0.9999999999999997,-3.021533106457589,-1.5107665532287946,-0.14508906327310045,-0.07254453163655022,0.12158562867607765,0.06079281433803883,-0.011751717298511398,0.0015674085580561093,0,0.2,2.220446049250313e-16,2.398081733190338e-14,0,,,,,
square,3,2,R_native,R_native,uniform_kmesh,256,16,,insulator,2.0,0.01,4.0,0.02,7.268154744727694e-09,7.268154744727665e-09,0.03315539026708671,1.0000000000000002,-2.14161156022557,-1.070805780112785,-0.26155441602374185,-0.13077720801187093,0.13262156106834683,0.06631078053417341,-0.06446642747769751,7.37679476144001e-05,1,1.2,2.220446049250313e-16,7.000844348681312e-12,1,,,,,
square,3,2,R_native,R_native,uniform_kmesh,1024,32,,insulator,2.0,0.01,4.0,0.02,7.3019083002269845e-09,7.301908300226959e-09,0.03316104416912322,1.0000000000000007,-2.141621828784981,-1.0708109143924904,-0.26159827639478705,-0.13079913819739353,0.1326441766764929,0.06632208833824645,-0.06447704985914708,7.508433355274794e-05,1,1.2,1.1102230246251565e-16,5.324185536892401e-12,1,,,,,
square,3,2,R_native,R_native,uniform_kmesh,4096,64,,insulator,2.0,0.01,4.0,0.02,7.26965165842415e-09,7.269651658424117e-09,0.033155590109104856,1.0000000000000004,-2.1416119220452394,-1.0708059610226197,-0.2615559639745378,-0.1307779819872689,0.13262236043641942,0.06631118021820971,-0.06446680176905918,7.381414690092986e-05,1,1.2,0.0,6.9164673988098e-12,1,,,,,
square,3,2,R_native,R_native,continuum_elliptic_dos,4001,,4001,insulator,2.0,0.01,4.0,0.02,7.267879964522001e-09,7.267879964521971e-09,0.033155461425373664,1.0,-2.1416116898795288,-1.0708058449397644,-0.2615549611794097,-0.13077748058970484,0.13262184570149466,0.06631092285074733,-0.06446655773895751,7.378339893353865e-05,1,1.2,0.0,6.033396005022951e-12,1,,,,,
square,3,2,R_native,R_native,uniform_kmesh,256,16,,insulator,2.5,0.01,5.0,0.02,3.78456155304133e-10,3.7845615530413145e-10,0.020791220424097822,0.9999999999999997,-2.6153604169107965,-1.3076802084553982,-0.20617686984883943,-0.10308843492441971,0.10395610212048911,0.05197805106024456,-0.05111038386417516,4.466548994468841e-05,1,0.7,1.1102230246251565e-16,1.670952265442338e-11,1,,,,,
square,3,2,R_native,R_native,uniform_kmesh,1024,32,,insulator,2.5,0.01,5.0,0.02,3.780724622256443e-10,3.7807246222564304e-10,0.02079086560361095,0.9999999999999996,-2.6153595780549495,-1.3076797890274747,-0.20617341145559714,-0.10308670572779857,0.10395432801805476,0.05197716400902738,-0.05110954171877119,4.455914821718674e-05,1,0.7,2.220446049250313e-16,2.8407498575688805e-11,1,,,,,
square,3,2,R_native,R_native,uniform_kmesh,4096,64,,insulator,2.5,0.01,5.0,0.02,3.767686163048945e-10,3.767686163048932e-10,0.020790708637170852,1.0,-2.6153591995124152,-1.3076795997562076,-0.20617185602413074,-0.10308592801206537,0.10395354318585426,0.05197677159292713,-0.05110915641913824,4.451117083393392e-05,1,0.7,4.440892098500626e-16,1.6078471887226442e-11,1,,,,,
square,3,2,R_native,R_native,continuum_elliptic_dos,4001,,4001,insulator,2.5,0.01,5.0,0.02,3.7798641994126726e-10,3.7798641994126545e-10,0.020791137430448407,0.9999999999999996,-2.615360222449276,-1.307680111224638,-0.20617606340939737,-0.10308803170469868,0.10395568715224204,0.05197784357612102,-0.05111018812857766,4.464013832757437e-05,1,0.7,0.0,3.05071523598599e-11,1,,,,,
square,3,2,R_native,R_native,uniform_kmesh,256,16,,insulator,3.0,0.01,6.0,0.02,6.3734720834346165e-09,6.373472083434591e-09,0.01428615191095887,1.0000000000000004,-3.098127835111729,-1.5490639175558645,-0.1704728734905096,-0.0852364367452548,0.08571691146575322,0.04285845573287661,-0.04237798101237819,3.0501569555804956e-05,1,0.2,2.220446049250313e-16,8.997691480772119e-12,1,,,,,
square,3,2,R_native,R_native,uniform_kmesh,1024,32,,insulator,3.0,0.01,6.0,0.02,6.375481476080806e-09,6.3754814760807835e-09,0.014286082720743193,1.0000000000000004,-3.0981276327762544,-1.5490638163881272,-0.17047206770944803,-0.08523603385472402,0.08571649632445916,0.04285824816222958,-0.04237778569249444,3.0476089561907533e-05,1,0.2,4.440892098500626e-16,9.016787316795671e-12,1,,,,,
square,3,2,R_native,R_native,uniform_kmesh,4096,64,,insulator,3.0,0.01,6.0,0.02,6.37451025298317e-09,6.374510252983139e-09,0.014286101021053363,0.9999999999999996,-3.0981276863964595,-1.5490638431982298,-0.1704722682127076,-0.0852361341063538,0.08571660612632018,0.04285830306316009,-0.04237783104319372,3.0482852706380146e-05,1,0.2,0.0,1.1460610238600566e-11,1,,,,,
square,3,2,R_native,R_native,continuum_elliptic_dos,4001,,4001,insulator,3.0,0.01,6.0,0.02,6.374541894338687e-09,6.374541894338663e-09,0.01428613742191661,1.0000000000000002,-3.0981277940477483,-1.5490638970238741,-0.17047273358122364,-0.08523636679061182,0.08571682453149966,0.04285841226574983,-0.04237795452486199,3.049587612164191e-05,1,0.2,0.0,7.299050253095629e-12,1,,,,,
square,1,2,bare_native,bare_native,uniform_kmesh,256,16,,noninteracting,0.0,0.001,0.0,0.002,1.0,1.0,0.25,1.0,nan,nan,-0.8054419490340057,-0.40272097451700284,0.0,0.0,-0.40272097451700284,0.0,1,3.2,,,,,,,,
square,1,2,bare_native,bare_native,uniform_kmesh,1024,32,,noninteracting,0.0,0.001,0.0,0.002,1.0,1.0,0.25,1.0,nan,nan,-0.809272413436074,-0.404636206718037,0.0,0.0,-0.404636206718037,0.0,1,3.2,,,,,,,,
square,1,2,bare_native,bare_native,uniform_kmesh,4096,64,,noninteracting,0.0,0.001,0.0,0.002,1.0,1.0,0.25,1.0,nan,nan,-0.8102442621716828,-0.4051221310858414,0.0,0.0,-0.4051221310858414,0.0,1,3.2,,,,,,,,
square,1,2,bare_native,bare_native,continuum_elliptic_dos,4001,,4001,noninteracting,0.0,0.001,0.0,0.002,1.0,1.0,0.25,1.0,nan,nan,-0.8105696150591406,-0.4052848075295703,0.0,0.0,-0.4052848075295703,0.0,1,3.2,,,,,,,,
square,1,2,bare_native,bare_native,uniform_kmesh,256,16,,metal,1.0,0.001,2.0,0.002,0.8921955643219873,0.8921955643219868,0.1707544816451076,0.9999999999999993,-1.3849873384080666,-0.6924936692040333,-0.7277631285905494,-0.3638815642952747,0.3415089632902152,0.1707544816451076,-0.1931270826501671,5.4117113276908074e-05,1,2.2,0.0,5.684341886080802e-14,0,,,,,
square,1,2,bare_native,bare_native,uniform_kmesh,1024,32,,metal,1.0,0.001,2.0,0.002,0.8947491462170806,0.8947491462170799,0.1713678040759882,0.9999999999999991,-1.3880492656873997,-0.6940246328436999,-0.7319711570027221,-0.36598557850136104,0.3427356081519764,0.1713678040759882,-0.19461777442537284,4.00886069349434e-05,1,2.2,1.1102230246251565e-16,7.460698725481052e-14,0,,,,,
square,1,2,bare_native,bare_native,uniform_kmesh,4096,64,,metal,1.0,0.001,2.0,0.002,0.8948863718051172,0.8948863718051168,0.1714521798717944,1.0000000000000002,-1.3888541401595518,-0.6944270700797759,-0.7330312120407522,-0.3665156060203761,0.3429043597435888,0.1714521798717944,-0.1950634261485817,4.079057295208963e-05,1,2.2,0.0,6.394884621840902e-14,0,,,,,
square,1,2,bare_native,bare_native,continuum_elliptic_dos,4001,,4001,metal,1.0,0.001,2.0,0.002,0.8948991632973781,0.8948991632973778,0.1714752195542421,1.0000000000000004,-1.3890817499637365,-0.6945408749818682,-0.733374968594208,-0.366687484297104,0.3429504391084842,0.1714752195542421,-0.1952122647428619,4.127124702749121e-05,1,2.2,2.220446049250313e-16,7.460698725481052e-14,0,,,,,
square,1,2,bare_native,bare_native,uniform_kmesh,256,16,,metal,2.0,0.001,4.0,0.002,0.590407599789969,0.5904075997899683,0.09266511602508912,0.9999999999999998,-2.120374165189382,-1.060187082594691,-0.4949138632343727,-0.24745693161718635,0.37066046410035647,0.18533023205017823,-0.062126699567008115,8.886673923625261e-05,1,1.2,0.0,6.750155989720952e-14,0,,,,,
square,1,2,bare_native,bare_native,uniform_kmesh,1024,32,,metal,2.0,0.001,4.0,0.002,0.594043049908365,0.5940430499083639,0.0934133951519588,0.9999999999999996,-2.122521984508076,-1.061260992254038,-0.5001534632494149,-0.25007673162470745,0.3736535806078352,0.1868267903039176,-0.06324994132078984,8.841954241888804e-05,1,1.2,1.1102230246251565e-16,7.105427357601002e-14,0,,,,,
square,1,2,bare_native,bare_native,uniform_kmesh,4096,64,,metal,2.0,0.001,4.0,0.002,0.594952701234759,0.5949527012347579,0.09360133411999055,1.0,-2.1230281996844553,-1.0615140998422277,-0.5014749380170953,-0.25073746900854765,0.3744053364799622,0.1872026682399811,-0.06353480076856655,8.830808043840782e-05,1,1.2,1.1102230246251565e-16,7.105427357601002e-14,0,,,,,
square,1,2,bare_native,bare_native,continuum_elliptic_dos,4001,,4001,metal,2.0,0.001,4.0,0.002,0.5952364923172222,0.5952364923172214,0.0936601417100645,1.0000000000000002,-2.1231560964145544,-1.0615780482072772,-0.5018895773241506,-0.2509447886620753,0.374640566840258,0.187320283420129,-0.06362450524194632,8.82801207854595e-05,1,1.2,0.0,5.684341886080802e-14,0,,,,,
square,1,2,bare_native,bare_native,uniform_kmesh,256,16,,metal,2.5,0.001,5.0,0.002,0.37574115096826355,0.37574115096826266,0.0541266190271303,0.9999999999999998,-2.5455400131042296,-1.2727700065521148,-0.3206452123926399,-0.16032260619631994,0.2706330951356515,0.13531654756782574,-0.0250060586284942,7.336317819171286e-05,1,0.7,0.0,6.394884621840902e-14,0,,,,,
square,1,2,bare_native,bare_native,uniform_kmesh,1024,32,,metal,2.5,0.001,5.0,0.002,0.37992421507129553,0.3799242150712946,0.054924188258789364,0.9999999999999993,-2.5471616891217934,-1.2735808445608967,-0.32665186065198787,-0.16332593032599393,0.2746209412939468,0.1373104706469734,-0.026015459679020525,8.245883761678492e-05,1,0.7,1.1102230246251565e-16,7.105427357601002e-14,0,,,,,
square,1,2,bare_native,bare_native,uniform_kmesh,4096,64,,metal,2.5,0.001,5.0,0.002,0.3815309663295528,0.3815309663295518,0.05517151009118141,1.0,-2.547412442015599,-1.2737062210077994,-0.32815245441510577,-0.16407622720755288,0.27585755045590704,0.13792877522795352,-0.026147451979599362,8.078950235835003e-05,1,0.7,0.0,6.394884621840902e-14,0,,,,,
square,1,2,bare_native,bare_native,continuum_elliptic_dos,4001,,4001,metal,2.5,0.001,5.0,0.002,0.38199335810636287,0.3819933581063621,0.05524302087803114,0.9999999999999991,-2.5474639105444936,-1.2737319552722468,-0.3285891181356381,-0.16429455906781906,0.2762151043901557,0.13810755219507784,-0.026187006872741225,8.03382103711095e-05,1,0.7,2.220446049250313e-16,6.394884621840902e-14,0,,,,,
square,1,2,bare_native,bare_native,uniform_kmesh,256,16,,metal,3.0,0.001,6.0,0.002,0.0026389686737407583,0.002638968673740746,0.00023899454322232614,0.9999999999999998,-3.007624182955311,-1.5038120914776556,-0.013182224373923775,-0.0065911121869618875,0.0014339672593339568,0.0007169836296669784,-0.005874128557294909,6.900358300494394e-05,1,0.2,0.0,3.623767952376511e-13,0,,,,,
square,1,2,bare_native,bare_native,uniform_kmesh,1024,32,,metal,3.0,0.001,6.0,0.002,0.002636085734319545,0.0026360857343195334,0.00023847546976172297,0.9999999999999997,-3.0076241873352245,-1.5038120936676123,-0.013179808553599391,-0.006589904276799696,0.0014308528185703379,0.0007154264092851689,-0.005874477867514527,6.900489670111117e-05,1,0.2,2.220446049250313e-16,2.4158453015843406e-13,0,,,,,
square,1,2,bare_native,bare_native,uniform_kmesh,4096,64,,metal,3.0,0.001,6.0,0.002,0.0026368464694301466,0.002636846469430136,0.00023861241153725048,0.9999999999999999,-3.0076241869030156,-1.5038120934515078,-0.013180447274681867,-0.006590223637340934,0.001431674469223503,0.0007158372346117515,-0.005874386402729182,6.900431812749228e-05,1,0.2,2.220446049250313e-16,3.552713678800501e-13,0,,,,,
square,1,2,bare_native,bare_native,continuum_elliptic_dos,4001,,4001,metal,3.0,0.001,6.0,0.002,0.0026389537461506546,0.0026389537461506433,0.00023899189631349747,1.0,-3.007624183454368,-1.503812091727184,-0.013182212864971064,-0.006591106432485532,0.001433951377880985,0.0007169756889404924,-0.00587413074354504,6.900359033089833e-05,1,0.2,0.0,3.730349362740526e-13,0,,,,,
square,1,2,bare_native,bare_native,uniform_kmesh,256,16,,insulator,1.0,0.001,2.0,0.002,4.7109021459469024e-08,4.7109021459468865e-08,7.1066132765944165e-12,1.0,-1.0086401477756937,-0.5043200738878468,-0.014505989608396868,-0.007252994804198434,1.4213226553188833e-11,7.1066132765944165e-12,-0.007252994797091821,0.00010528802896060816,1,2.2,0.0,4.7048587248355034e-11,0,,,,,
square,1,2,bare_native,bare_native,uniform_kmesh,1024,32,,insulator,1.0,0.001,2.0,0.002,5.523477275390572e-08,5.523477275390549e-08,7.128046658268799e-12,1.0,-1.008640255822769,-0.5043201279113845,-0.014506205625822194,-0.007253102812911097,1.4256093316537599e-11,7.128046658268799e-12,-0.0072531028057830505,0.00010529136198551939,1,2.2,2.220446049250313e-16,5.923794788031955e-11,0,,,,,
square,1,2,bare_native,bare_native,uniform_kmesh,4096,64,,insulator,1.0,0.001,2.0,0.002,6.635809055076658e-07,6.635809055076626e-07,7.0738047214500335e-12,1.0,-1.0086399677324493,-0.5043199838662247,-0.014505629651991045,-0.007252814825995523,1.4147609442900067e-11,7.0738047214500335e-12,-0.0072528148189217176,0.00010528319727566747,1,2.2,0.0,1.4704681916555273e-11,0,,,,,
square,1,2,bare_native,bare_native,continuum_elliptic_dos,4001,,4001,insulator,1.0,0.001,2.0,0.002,2.7202998062093456e-08,2.7202998062093356e-08,7.116630596615071e-12,1.0000000000000004,-1.0086400263541577,-0.5043200131770789,-0.014505746853098928,-0.007252873426549464,1.4233261193230142e-11,7.116630596615071e-12,-0.007252873419432834,0.00010528457394074713,1,2.2,2.220446049250313e-16,9.798384326131782e-11,0,,,,,
square,1,2,bare_native,bare_native,uniform_kmesh,256,16,,insulator,2.0,0.001,4.0,0.002,6.61801695894156e-09,6.618016958941534e-09,1.9620934755327667e-12,1.0000000000000002,-2.0084937446841025,-1.0042468723420512,-0.014213285312139692,-0.007106642656069846,7.848373902131067e-12,3.924186951065533e-12,-0.0071066426521456585,0.00010103750180178891,1,1.2,0.0,1.269562233119359e-10,1,,,,,
square,1,2,bare_native,bare_native,uniform_kmesh,1024,32,,insulator,2.0,0.001,4.0,0.002,4.8241926345976895e-09,4.8241926345976704e-09,1.9610794958284483e-12,1.0,-2.008494142602018,-1.004247071301009,-0.014214080876718401,-0.007107040438359201,7.844317983313793e-12,3.9221589916568965e-12,-0.007107040434437042,0.0001010487994308539,1,1.2,0.0,1.8122037204193475e-10,1,,,,,
square,1,2,bare_native,bare_native,uniform_kmesh,4096,64,,insulator,2.0,0.001,4.0,0.002,4.641327308291553e-06,4.641327308291531e-06,1.9688681599187433e-12,1.0000000000000002,-2.0084943460470157,-1.0042471730235079,-0.014214487644442853,-0.007107243822221426,7.875472639674973e-12,3.937736319837487e-12,-0.00710724381828369,0.00010106052915843106,1,1.2,0.0,4.735767333841068e-12,0,,,,,
square,1,2,bare_native,bare_native,continuum_elliptic_dos,4001,,4001,insulator,2.0,0.001,4.0,0.002,8.780482526822933e-09,8.780482526822896e-09,1.9636937434102614e-12,1.0000000000000004,-2.0084935134012483,-1.0042467567006241,-0.014212822905552733,-0.007106411452776367,7.854774973641046e-12,3.927387486820523e-12,-0.00710641144884898,0.00010103094246556195,1,1.2,0.0,1.779447700300807e-10,1,,,,,
square,1,2,bare_native,bare_native,uniform_kmesh,256,16,,insulator,2.5,0.001,5.0,0.002,4.469994517808353e-08,4.469994517808335e-08,3.7821931374115065e-12,1.0,-2.5090820845072983,-1.2545410422536492,-0.01538952975652605,-0.007694764878263025,1.8910965687057532e-11,9.455482843528766e-12,-0.007694764868807541,0.00011846185119241831,1,0.7,0.0,4.6004089426787687e-11,0,,,,,
square,1,2,bare_native,bare_native,uniform_kmesh,1024,32,,insulator,2.5,0.001,5.0,0.002,1.0036539485263224e-08,1.003653948526318e-08,3.776385069262208e-12,1.0,-2.509081917925954,-1.254540958962977,-0.015389196727136045,-0.0076945983635680225,1.8881925346311038e-11,9.440962673155519e-12,-0.00769459835412706,0.00011845664228915385,1,0.7,0.0,1.156443829586351e-10,0,,,,,
square,1,2,bare_native,bare_native,uniform_kmesh,4096,64,,insulator,2.5,0.001,5.0,0.002,3.2903612978777544e-08,3.290361297877744e-08,3.774620288761099e-12,1.0,-2.5090820171830046,-1.2545410085915023,-0.01538939516166757,-0.007694697580833785,1.8873101443805494e-11,9.436550721902747e-12,-0.0076946975713972346,0.00011845971106484717,1,0.7,2.220446049250313e-16,6.401634777830623e-11,0,,,,,
square,1,2,bare_native,bare_native,continuum_elliptic_dos,4001,,4001,insulator,2.5,0.001,5.0,0.002,1.278414743562816e-07,1.2784147435628113e-07,3.785993443243503e-12,0.9999999999999999,-2.5090821620599257,-1.2545410810299629,-0.015389684801891164,-0.007694842400945582,1.8929967216217516e-11,9.464983608108758e-12,-0.007694842391480598,0.00011846436199244104,1,0.7,4.440892098500626e-16,1.9667822925839573e-11,0,,,,,
square,1,2,bare_native,bare_native,uniform_kmesh,256,16,,insulator,3.0,0.001,6.0,0.002,6.280032505604245e-09,6.280032505604219e-09,2.3291562504503005e-12,1.0,-3.00838882525224,-1.50419441262612,-0.014003516912063873,-0.0070017584560319365,1.3974937502701803e-11,6.9874687513509015e-12,-0.007001758449044468,9.807999218533947e-05,1,0.2,0.0,1.7193357848555024e-10,1,,,,,
square,1,2,bare_native,bare_native,uniform_kmesh,1024,32,,insulator,3.0,0.001,6.0,0.002,1.9092700578766503e-07,1.909270057876642e-07,2.3189997197302334e-12,1.0,-3.0083893062239895,-1.5041946531119947,-0.014004478538080935,-0.007002239269040467,1.39139983183814e-11,6.9569991591907e-12,-0.007002239262083468,9.809355773698179e-05,1,0.2,0.0,3.7694292132073315e-11,0,,,,,
square,1,2,bare_native,bare_native,uniform_kmesh,4096,64,,insulator,3.0,0.001,6.0,0.002,3.512990847858457e-07,3.512990847858444e-07,2.3232306195875488e-12,1.0,-3.0083889862503383,-1.5041944931251692,-0.014003838802944547,-0.0070019194014722735,1.3939383717525294e-11,6.969691858762647e-12,-0.007001919394502581,9.808479884924864e-05,1,0.2,2.220446049250313e-16,2.2517099296237575e-11,0,,,,,
square,1,2,bare_native,bare_native,continuum_elliptic_dos,4001,,4001,insulator,3.0,0.001,6.0,0.002,4.8950170703048685e-09,4.895017070304847e-09,2.3257267939639247e-12,1.0,-3.0083891266573772,-1.5041945633286886,-0.014004119524420523,-0.007002059762210262,1.395436076378355e-11,6.977180381891775e-12,-0.0070020597552330815,9.808839725723313e-05,1,0.2,0.0,1.5415935195051134e-10,1,,,,,
square,1,2,bare_native,bare_native,uniform_kmesh,256,16,,noninteracting,0.0,0.01,0.0,0.02,1.0,1.0,0.25,1.0,nan,nan,-0.8054419490340057,-0.40272097451700284,0.0,0.0,-0.40272097451700284,0.0,1,3.2,,,,,,,,
square,1,2,bare_native,bare_native,uniform_kmesh,1024,32,,noninteracting,0.0,0.01,0.0,0.02,1.0,1.0,0.25,1.0,nan,nan,-0.809272413436074,-0.404636206718037,0.0,0.0,-0.404636206718037,0.0,1,3.2,,,,,,,,
square,1,2,bare_native,bare_native,uniform_kmesh,4096,64,,noninteracting,0.0,0.01,0.0,0.02,1.0,1.0,0.25,1.0,nan,nan,-0.8102442621716828,-0.4051221310858414,0.0,0.0,-0.4051221310858414,0.0,1,3.2,,,,,,,,
square,1,2,bare_native,bare_native,continuum_elliptic_dos,4001,,4001,noninteracting,0.0,0.01,0.0,0.02,1.0,1.0,0.25,1.0,nan,nan,-0.8105696150591406,-0.4052848075295703,0.0,0.0,-0.4052848075295703,0.0,1,3.2,,,,,,,,
square,1,2,bare_native,bare_native,uniform_kmesh,256,16,,metal,1.0,0.01,2.0,0.02,0.8911856383582826,0.8911856383582824,0.17060451431636792,0.9999999999999913,-1.3880842306418728,-0.6940421153209364,-0.7275827239142988,-0.3637913619571494,0.34120902863273583,0.17060451431636792,-0.19318684764078148,6.329347132481824e-05,1,2.2,2.220446049250313e-16,5.3290705182007514e-14,0,,,,,
square,1,2,bare_native,bare_native,uniform_kmesh,1024,32,,metal,1.0,0.01,2.0,0.02,0.8946635636719283,0.8946635636719279,0.17133352831330936,0.9999999999999944,-1.3897417265566219,-0.6948708632783109,-0.7316049609440696,-0.3658024804720348,0.3426670566266187,0.17133352831330936,-0.19446895215872542,4.0151074861449256e-05,1,2.2,1.1102230246251565e-16,7.105427357601002e-14,0,,,,,
square,1,2,bare_native,bare_native,uniform_kmesh,4096,64,,metal,1.0,0.01,2.0,0.02,0.893484812616985,0.8934848126169845,0.17121838503399475,0.9999999999999944,-1.3901598299705284,-0.6950799149852642,-0.7323458153128352,-0.3661729076564176,0.3424367700679895,0.17121838503399475,-0.19495452262242283,5.135982106223523e-05,1,2.2,0.0,6.394884621840902e-14,0,,,,,
square,1,2,bare_native,bare_native,continuum_elliptic_dos,4001,,4001,metal,1.0,0.01,2.0,0.02,0.8951264698293818,0.8951264698293816,0.17144749401539458,0.999999999999994,-1.3899499440976655,-0.6949749720488327,-0.7324218524536555,-0.36621092622682777,0.34289498803078916,0.17144749401539458,-0.1947634322114332,3.789624702973741e-05,1,2.2,2.220446049250313e-16,7.460698725481052e-14,0,,,,,
square,1,2,bare_native,bare_native,uniform_kmesh,256,16,,metal,2.0,0.01,4.0,0.02,0.5900358536460153,0.5900358536460143,0.09257546096741866,0.9999999999999993,-2.123404176024728,-1.061702088012364,-0.49421943948097014,-0.24710971974048507,0.37030184386967463,0.18515092193483731,-0.06195879780564775,8.809806049978575e-05,1,1.2,0.0,7.815970093361102e-14,0,,,,,
square,1,2,bare_native,bare_native,uniform_kmesh,1024,32,,metal,2.0,0.01,4.0,0.02,0.593169087911762,0.593169087911761,0.09322661122800824,0.9999999999999994,-2.1243713783121265,-1.0621856891560633,-0.4988094268650238,-0.2494047134325119,0.37290644491203295,0.18645322245601648,-0.06295149097649541,8.813898223459672e-05,1,1.2,0.0,7.105427357601002e-14,0,,,,,
square,1,2,bare_native,bare_native,uniform_kmesh,4096,64,,metal,2.0,0.01,4.0,0.02,0.5935559486231325,0.5935559486231317,0.09330623744896983,1.0000000000000004,-2.1244388167690715,-1.0622194083845358,-0.49936714747565525,-0.24968357373782762,0.37322494979587933,0.18661247489793967,-0.06307109883988796,8.808368590839596e-05,1,1.2,2.220446049250313e-16,6.750155989720952e-14,0,,,,,
square,1,2,bare_native,bare_native,continuum_elliptic_dos,4001,,4001,metal,2.0,0.01,4.0,0.02,0.5935632769410483,0.593563276941047,0.09330798141057318,1.0000000000000004,-2.12444013875011,-1.062220069375055,-0.4993806909031583,-0.24969034545157914,0.37323192564229274,0.18661596282114637,-0.06307438263043277,8.809654066045063e-05,1,1.2,1.1102230246251565e-16,7.460698725481052e-14,0,,,,,
square,1,2,bare_native,bare_native,uniform_kmesh,256,16,,metal,2.5,0.01,5.0,0.02,0.3746743813257236,0.3746743813257226,0.05385244268966709,0.9999999999999996,-2.5484958210994364,-1.2742479105497182,-0.3181227266671394,-0.1590613633335697,0.26926221344833545,0.13463110672416773,-0.024430256609401985,6.518005014756199e-05,1,0.7,0.0,7.460698725481052e-14,0,,,,,
square,1,2,bare_native,bare_native,uniform_kmesh,1024,32,,metal,2.5,0.01,5.0,0.02,0.3744103094926302,0.3744103094926293,0.05410168323888998,1.0000000000000004,-2.5496143427523776,-1.2748071713761888,-0.3218680182670991,-0.16093400913354955,0.27050841619444993,0.13525420809722496,-0.025679801036324584,9.054931288092237e-05,1,0.7,2.220446049250313e-16,5.684341886080802e-14,0,,,,,
square,1,2,bare_native,bare_native,uniform_kmesh,4096,64,,metal,2.5,0.01,5.0,0.02,0.37526606642333477,0.3752660664233338,0.05418941637006738,0.999999999999999,-2.5494768830176753,-1.2747384415088376,-0.3220624005460001,-0.16103120027300005,0.2709470818503369,0.13547354092516845,-0.025557659347831607,8.562727232148238e-05,1,0.7,1.1102230246251565e-16,6.394884621840902e-14,0,,,,,
square,1,2,bare_native,bare_native,continuum_elliptic_dos,4001,,4001,metal,2.5,0.01,5.0,0.02,0.37524194777226483,0.37524194777226394,0.05418738852078588,1.0000000000000007,-2.549482285186272,-1.274741142593136,-0.32206296170390103,-0.16103148085195051,0.2709369426039294,0.1354684713019647,-0.025563009549985805,8.58042830725709e-05,1,0.7,2.220446049250313e-16,7.815970093361102e-14,0,,,,,
square,1,2,bare_native,bare_native,uniform_kmesh,256,16,,metal,3.0,0.01,6.0,0.02,0.024944822910271412,0.02494482291027131,0.002167299154804322,1.0,-3.0231172661553387,-1.5115586330776694,-0.024543611882760857,-0.012271805941380429,0.013003794928825932,0.006501897464412966,-0.005769908476967463,6.540701895518804e-05,1,0.2,0.0,1.2789769243681803e-13,0,,,,,
square,1,2,bare_native,bare_native,uniform_kmesh,1024,32,,metal,3.0,0.01,6.0,0.02,0.024941213016822998,0.024941213016822898,0.0021666396585830906,1.0,-3.023117271386994,-1.511558635693497,-0.024540646051717904,-0.012270323025858952,0.012999837951498543,0.006499918975749272,-0.00577040405010968,6.540731639213133e-05,1,0.2,0.0,1.0302869668521453e-13,0,,,,,
square,1,2,bare_native,bare_native,uniform_kmesh,4096,64,,metal,3.0,0.01,6.0,0.02,0.02493943814717897,0.024939438147178868,0.0021663164486552455,0.9999999999999998,-3.023117300520866,-1.511558650260433,-0.02453924596873792,-0.01226962298436896,0.012997898691931473,0.0064989493459657365,-0.005770673638403224,6.540830455780266e-05,1,0.2,2.220446049250313e-16,1.3855583347321954e-13,0,,,,,
square,1,2,bare_native,bare_native,continuum_elliptic_dos,4001,,4001,metal,3.0,0.01,6.0,0.02,0.024941697680586915,0.0249416976805868,0.0021667282089102304,1.0,-3.023117271923624,-1.511558635961812,-0.0245410472035016,-0.0122705236017508,0.013000369253461382,0.006500184626730691,-0.00577033897502011,6.540725018529413e-05,1,0.2,2.220446049250313e-16,1.2079226507921703e-13,0,,,,,
square,1,2,bare_native,bare_native,uniform_kmesh,256,16,,insulator,1.0,0.01,2.0,0.02,0.00021616343078943945,0.00021616343078943842,1.062069963859629e-09,1.0,-1.021237200568649,-0.5106186002843245,-0.014746706891818284,-0.007373353445909142,2.124139927719258e-09,1.062069963859629e-09,-0.007373352383839178,0.00011797133641660536,1,2.2,0.0,5.719869022868806e-13,0,,,,,
square,1,2,bare_native,bare_native,uniform_kmesh,1024,32,,insulator,1.0,0.01,2.0,0.02,0.00021451711660649609,0.0002145171166064952,1.061899940067724e-09,1.0000000000000002,-1.0212368651723693,-0.5106184325861847,-0.014746036333859599,-0.007373018166929799,2.123799880135448e-09,1.061899940067724e-09,-0.007373017105029859,0.0001179556475535689,1,2.2,0.0,6.998845947236987e-13,0,,,,,
square,1,2,bare_native,bare_native,uniform_kmesh,4096,64,,insulator,1.0,0.01,2.0,0.02,0.00021897935718226953,0.00021897935718226868,1.0623317589828515e-09,1.0000000000000002,-1.0212378195748784,-0.5106189097874392,-0.014747944470561908,-0.007373972235280954,2.124663517965703e-09,1.0623317589828515e-09,-0.007373971172949195,0.00011799927521728183,1,2.2,2.220446049250313e-16,8.526512829121202e-13,0,,,,,
square,1,2,bare_native,bare_native,continuum_elliptic_dos,4001,,4001,insulator,1.0,0.01,2.0,0.02,0.00021638291794523877,0.00021638291794523788,1.0619764806974188e-09,1.0,-1.0212370588782704,-0.5106185294391352,-0.014746423618732277,-0.0073732118093661385,2.1239529613948377e-09,1.0619764806974188e-09,-0.007373210747389658,0.00011796741579358617,1,2.2,4.440892098500626e-16,8.100187187665142e-13,0,,,,,
square,1,2,bare_native,bare_native,uniform_kmesh,256,16,,insulator,2.0,0.01,4.0,0.02,4.252402060546366e-09,4.252402060546344e-09,4.0627048734532175e-14,1.0,-2.0208822240815465,-1.0104411120407732,-0.014037004985424303,-0.007018502492712152,1.625081949381287e-13,8.125409746906435e-14,-0.007018502492630897,9.853004724078628e-05,1,1.2,0.0,8.249045890806883e-11,1,,,,,
square,1,2,bare_native,bare_native,uniform_kmesh,1024,32,,insulator,2.0,0.01,4.0,0.02,1.0785164523780298e-07,1.0785164523780254e-07,4.0967388097841286e-14,1.0,-2.020882168859643,-1.0104410844298215,-0.014036894578755118,-0.007018447289377559,1.6386955239136515e-13,8.193477619568257e-14,-0.0070184472892956245,9.852860746356642e-05,1,1.2,0.0,5.0111026439481066e-11,0,,,,,
square,1,2,bare_native,bare_native,uniform_kmesh,4096,64,,insulator,2.0,0.01,4.0,0.02,1.243654943130466e-07,1.2436549431304613e-07,4.0365583375617675e-14,0.9999999999999998,-2.020881120929772,-1.010440560464886,-0.01403479941584333,-0.007017399707921665,1.614623335024707e-13,8.073116675123535e-14,-0.007017399707840934,9.849920530072243e-05,1,1.2,1.1102230246251565e-16,4.0888181729314965e-11,0,,,,,
square,1,2,bare_native,bare_native,continuum_elliptic_dos,4001,,4001,insulator,2.0,0.01,4.0,0.02,8.02598421990691e-09,8.025984219906879e-09,4.1191055129423807e-14,1.0000000000000002,-2.0208822533151647,-1.0104411266575823,-0.014037063434281127,-0.007018531717140564,1.6476422051769523e-13,8.238211025884761e-14,-0.007018531717058182,9.85308737798474e-05,1,1.2,4.440892098500626e-16,1.1620571171988558e-10,1,,,,,
square,1,2,bare_native,bare_native,uniform_kmesh,256,16,,insulator,2.5,0.01,5.0,0.02,7.647785263950868e-09,7.647785263950838e-09,3.779041431143482e-12,0.9999999999999998,-2.52146612192891,-1.260733060964455,-0.015204379227589198,-0.007602189613794599,1.889520715571741e-11,9.447603577858705e-12,-0.007602189604346996,0.00011562952059852626,1,0.7,0.0,1.8248158539790893e-10,1,,,,,
square,1,2,bare_native,bare_native,uniform_kmesh,1024,32,,insulator,2.5,0.01,5.0,0.02,5.931990415776794e-09,5.931990415776773e-09,3.777969044999733e-12,1.0000000000000002,-2.521465880984209,-1.2607329404921046,-0.015203897526216766,-0.007601948763108383,1.8889845224998665e-11,9.444922612499332e-12,-0.0076019487536634605,0.00011562218675952482,1,0.7,0.0,1.028190865781653e-10,1,,,,,
square,1,2,bare_native,bare_native,uniform_kmesh,4096,64,,insulator,2.5,0.01,5.0,0.02,2.905802887350856e-08,2.9058028873508445e-08,3.7799426067399464e-12,1.0000000000000002,-2.5214655785068487,-1.2607327892534244,-0.015203292808699727,-0.007601646404349864,1.8899713033699732e-11,9.449856516849866e-12,-0.007601646394900007,0.00011561303544767268,1,0.7,2.220446049250313e-16,7.977973837114405e-11,0,,,,,
square,1,2,bare_native,bare_native,continuum_elliptic_dos,4001,,4001,insulator,2.5,0.01,5.0,0.02,1.2208426507843928e-08,1.2208426507843874e-08,3.7827554852252195e-12,1.0,-2.521466188610603,-1.2607330943053014,-0.01520451254077639,-0.007602256270388195,1.8913777426126098e-11,9.456888713063049e-12,-0.007602256260931307,0.00011563157686059788,1,0.7,0.0,9.154987878901011e-11,0,,,,,
square,1,2,bare_native,bare_native,uniform_kmesh,256,16,,insulator,3.0,0.01,6.0,0.02,2.494037920923496e-09,2.494037920923485e-09,2.3228909019720605e-12,1.0000000000000002,-3.020823625765942,-1.510411812882971,-0.013919846967467325,-0.006959923483733662,1.3937345411832363e-11,6.9686727059161815e-12,-0.006959923476764989,9.6911767118246e-05,1,0.2,4.440892098500626e-16,1.9203127976652468e-10,1,,,,,
square,1,2,bare_native,bare_native,uniform_kmesh,1024,32,,insulator,3.0,0.01,6.0,0.02,1.9661290283583225e-09,1.966129028358315e-09,2.3230640177293566e-12,1.0000000000000002,-3.020823417667387,-1.5104117088336935,-0.013919430906546876,-0.006959715453273438,1.393838410637614e-11,6.96919205318807e-12,-0.006959715446304246,9.690597671302203e-05,1,0.2,2.220446049250313e-16,2.338609306207218e-10,1,,,,,
square,1,2,bare_native,bare_native,uniform_kmesh,4096,64,,insulator,3.0,0.01,6.0,0.02,1.8029869859726478e-07,1.80298698597264e-07,2.3244254295572585e-12,1.0000000000000002,-3.0208244005888645,-1.5104122002944322,-0.013921396106215782,-0.006960698053107891,1.394655257734355e-11,6.973276288671775e-12,-0.006960698046134615,9.693352570320287e-05,1,0.2,0.0,2.7416291459303466e-11,0,,,,,
square,1,2,bare_native,bare_native,continuum_elliptic_dos,4001,,4001,insulator,3.0,0.01,6.0,0.02,2.7630623572575227e-09,2.7630623572575107e-09,2.324076001620182e-12,1.0,-3.020823327109312,-1.510411663554656,-0.013919249850510476,-0.006959624925255238,1.394445600972109e-11,6.972228004860545e-12,-0.00695962491828301,9.690346309556682e-05,1,0.2,0.0,1.3932321962784044e-10,1,,,,,
square,1,2,R_native,R_native,uniform_kmesh,256,16,,metal,2.0,0.001,4.0,0.002,0.5918659476721433,0.5918659476721423,0.09279242762644795,1.0,-2.1201214464457436,-1.0600607232228718,-0.49491943136089417,-0.24745971568044708,0.3711697105057918,0.1855848552528959,-0.06187486042755119,7.853802974023924e-05,1,1.2,1.1102230246251565e-16,7.460698725481052e-14,0,,,,,
square,1,2,R_native,R_native,uniform_kmesh,1024,32,,metal,2.0,0.001,4.0,0.002,0.595528715164127,0.5955287151641261,0.09354236975284234,1.0000000000000002,-2.1222684174336237,-1.0611342087168119,-0.5001641233016012,-0.2500820616508006,0.3741694790113694,0.1870847395056847,-0.06299732214511591,7.797347711398267e-05,1,1.2,0.0,6.750155989720952e-14,0,,,,,
square,1,2,R_native,R_native,uniform_kmesh,4096,64,,metal,2.0,0.001,4.0,0.002,0.5965273932646831,0.5965273932646818,0.09373772890665323,0.9999999999999993,-2.1227602975520696,-1.0613801487760348,-0.5014867807120468,-0.2507433903560234,0.3749509156266129,0.18747545781330646,-0.06326793254271693,7.726845195950858e-05,1,1.2,0.0,7.815970093361102e-14,0,,,,,
square,1,2,R_native,R_native,continuum_elliptic_dos,4001,,4001,metal,2.0,0.001,4.0,0.002,0.5968492232427128,0.596849223242712,0.09379980391696575,0.9999999999999996,-2.122882106236645,-1.0614410531183225,-0.5019024220281013,-0.25095121101405066,0.375199215667863,0.1875996078339315,-0.06335160318011915,7.699037438365343e-05,1,1.2,2.220446049250313e-16,7.105427357601002e-14,0,,,,,
square,1,2,R_native,R_native,uniform_kmesh,256,16,,metal,2.5,0.001,5.0,0.002,0.37121036735105106,0.3712103673510501,0.05374156079282473,0.9999999999999998,-2.546536822069335,-1.2732684110346675,-0.32071578455091154,-0.16035789227545577,0.26870780396412364,0.13435390198206182,-0.026003990293393953,0.00010706407401396555,1,0.7,2.220446049250313e-16,6.039613253960852e-14,0,,,,,
square,1,2,R_native,R_native,uniform_kmesh,1024,32,,metal,2.5,0.001,5.0,0.002,0.37685813406606583,0.3768581340660647,0.05466413759343667,1.0000000000000009,-2.5478237688137995,-1.2739118844068997,-0.32667731923489635,-0.16333865961744817,0.27332068796718334,0.13666034398359167,-0.026678315633856503,0.00010557420431009375,1,0.7,0.0,7.105427357601002e-14,0,,,,,
square,1,2,R_native,R_native,uniform_kmesh,4096,64,,metal,2.5,0.001,5.0,0.002,0.3782688972246872,0.37826889722468626,0.05489525174987427,1.0,-2.5481140333458967,-1.2740570166729484,-0.32817592314327654,-0.16408796157163827,0.27447625874937137,0.13723812937468569,-0.026849832196952583,0.00010519974755024335,1,0.7,0.0,6.394884621840902e-14,0,,,,,
square,1,2,R_native,R_native,continuum_elliptic_dos,4001,,4001,metal,2.5,0.001,5.0,0.002,0.3786786946267426,0.37867869462674175,0.05496235812212887,0.9999999999999999,-2.548175786019442,-1.274087893009721,-0.3286109243952246,-0.1643054621976123,0.27481179061064437,0.13740589530532218,-0.026899566892290117,0.00010508324311988075,1,0.7,0.0,5.684341886080802e-14,0,,,,,
square,1,2,R_native,R_native,uniform_kmesh,256,16,,metal,3.0,0.001,6.0,0.002,0.11038951311136962,0.11038951311136928,0.014917184262821606,0.9999999999999984,-3.011755877875217,-1.5058779389376085,-0.10858106816008427,-0.054290534080042134,0.08950310557692964,0.04475155278846482,-0.009538981291577313,0.00013130341924357848,1,0.2,2.220446049250313e-16,4.618527782440651e-14,0,,,,,
square,1,2,R_native,R_native,uniform_kmesh,1024,32,,metal,3.0,0.001,6.0,0.002,0.11807875493289897,0.1180787549328985,0.015988341463016444,0.9999999999999994,-3.0120630119848357,-1.5060315059924179,-0.11538185374766581,-0.057690926873832905,0.09593004877809866,0.04796502438904933,-0.009725902484783576,0.00013045639188878142,1,0.2,2.220446049250313e-16,4.440892098500626e-14,0,,,,,
square,1,2,R_native,R_native,uniform_kmesh,4096,64,,metal,3.0,0.001,6.0,0.002,0.11951131189143414,0.11951131189143378,0.016188219317655267,0.9999999999999991,-3.0121100795746045,-1.5060550397873023,-0.11666585682826414,-0.05833292841413207,0.0971293159059316,0.0485646579529658,-0.009768270461166267,0.0001301869556490599,1,0.2,2.220446049250313e-16,3.730349362740526e-14,0,,,,,
square,1,2,R_native,R_native,continuum_elliptic_dos,4001,,4001,metal,3.0,0.001,6.0,0.002,0.11972610943721967,0.11972610943721926,0.01621814643579969,1.0,-3.012113100197446,-1.506056550098723,-0.11685516343460225,-0.05842758171730113,0.09730887861479814,0.04865443930739907,-0.009773142409902055,0.00013013472819765743,1,0.2,0.0,4.263256414560601e-14,0,,,,,
square,1,2,R_native,R_native,uniform_kmesh,256,16,,insulator,2.0,0.001,4.0,0.002,1.0050297749588742e-07,1.0050297749588707e-07,3.796862046054582e-13,1.0,-2.0101403436406358,-1.0050701718203179,-0.017505080729543862,-0.008752540364771931,1.5187448184218329e-12,7.593724092109164e-13,-0.00875254036401256,0.0001532426463424618,1,1.2,0.0,4.211031523482234e-11,0,,,,,
square,1,2,R_native,R_native,uniform_kmesh,1024,32,,insulator,2.0,0.001,4.0,0.002,1.0490141921783291e-07,1.0490141921783243e-07,3.8027679889654605e-13,1.0000000000000002,-2.0101402166528217,-1.0050701083264109,-0.01750482688526816,-0.00875241344263408,1.5211071955861842e-12,7.605535977930921e-13,-0.008752413441873526,0.00015323821179617265,1,1.2,2.220446049250313e-16,3.6642688883148367e-11,0,,,,,
square,1,2,R_native,R_native,uniform_kmesh,4096,64,,insulator,2.0,0.001,4.0,0.002,1.1991805526354804e-07,1.1991805526354746e-07,3.801331036281457e-13,1.0,-2.0101412252140847,-1.0050706126070423,-0.017506842964590624,-0.008753421482295312,1.520532414512583e-12,7.602662072562915e-13,-0.008753421481535045,0.0001532735401463745,1,1.2,0.0,3.530331582624058e-11,0,,,,,
square,1,2,R_native,R_native,continuum_elliptic_dos,4001,,4001,insulator,2.0,0.001,4.0,0.002,9.796404898399666e-08,9.79640489839963e-08,3.80674537535733e-13,0.9999999999999999,-2.0101402453852657,-1.0050701226926329,-0.017504884323415366,-0.008752442161707683,1.522698150142932e-12,7.61349075071466e-13,-0.008752442160946334,0.00015323920376918238,1,1.2,1.1102230246251565e-16,3.239719603698177e-11,0,,,,,
square,1,2,R_native,R_native,uniform_kmesh,256,16,,insulator,2.5,0.001,5.0,0.002,1.2449691244585803e-07,1.244969124458576e-07,4.355077174720674e-12,1.0,-2.510577848264745,-1.2552889241323726,-0.018379614601460308,-0.009189807300730154,2.177538587360337e-11,1.0887692936801686e-11,-0.00918980728984246,0.00016895869488097817,1,0.7,2.220446049250313e-16,3.044320351364149e-11,0,,,,,
square,1,2,R_native,R_native,uniform_kmesh,1024,32,,insulator,2.5,0.001,5.0,0.002,1.1475982664155021e-07,1.1475982664154974e-07,4.355896805383619e-12,1.0000000000000002,-2.51057750721872,-1.25528875360936,-0.018378932898487205,-0.009189466449243603,2.1779484026918096e-11,1.0889742013459048e-11,-0.00918946643835386,0.00016894614949925215,1,0.7,1.1102230246251565e-16,3.4141578453272814e-11,0,,,,,
square,1,2,R_native,R_native,uniform_kmesh,4096,64,,insulator,2.5,0.001,5.0,0.002,1.2032853580205131e-07,1.2032853580205079e-07,4.3531994380733805e-12,0.9999999999999999,-2.5105777413294064,-1.2552888706647032,-0.018379400852743106,-0.009189700426371553,2.1765997190366903e-11,1.0882998595183451e-11,-0.009189700415488554,0.00016895474883140478,1,0.7,0.0,2.8666846674241242e-11,0,,,,,
square,1,2,R_native,R_native,continuum_elliptic_dos,4001,,4001,insulator,2.5,0.001,5.0,0.002,1.2070716826074575e-07,1.207071682607454e-07,4.35315876248058e-12,1.0,-2.510577590053245,-1.2552887950266225,-0.01837909847609722,-0.00918954923804861,2.1765793812402902e-11,1.0882896906201451e-11,-0.009189549227165713,0.0001689491851795295,1,0.7,2.220446049250313e-16,2.077626959362533e-11,0,,,,,
square,1,2,R_native,R_native,uniform_kmesh,256,16,,insulator,3.0,0.001,6.0,0.002,7.180356365044939e-08,7.180356365044914e-08,2.6894301893848266e-12,1.0,-3.010121268545717,-1.5050606342728585,-0.01746695019389463,-0.008733475096947316,1.613658113630896e-11,8.06829056815448e-12,-0.008733475088879025,0.00015258759876212808,1,0.2,0.0,4.8057557933134376e-11,0,,,,,
square,1,2,R_native,R_native,uniform_kmesh,1024,32,,insulator,3.0,0.001,6.0,0.002,7.149212599700572e-08,7.149212599700543e-08,2.6889371624169354e-12,0.9999999999999999,-3.01012128015131,-1.505060640075655,-0.01746697339293564,-0.00873348669646782,1.6133622974501613e-11,8.066811487250806e-12,-0.008733486688401008,0.0001525880009933898,1,0.2,0.0,2.7505109301273478e-11,0,,,,,
square,1,2,R_native,R_native,uniform_kmesh,4096,64,,insulator,3.0,0.001,6.0,0.002,7.142789415489874e-08,7.14278941548985e-08,2.6901136868712198e-12,0.9999999999999999,-3.010121367639343,-1.5050606838196714,-0.01746714827854346,-0.00873357413927173,1.614068212122732e-11,8.07034106061366e-12,-0.00873357413120139,0.00015259106254217312,1,0.2,2.220446049250313e-16,3.806377435466857e-11,0,,,,,
square,1,2,R_native,R_native,continuum_elliptic_dos,4001,,4001,insulator,3.0,0.001,6.0,0.002,7.076955288452903e-08,7.076955288452881e-08,2.68719492438545e-12,1.0,-3.0101211970376696,-1.5050605985188348,-0.017466807254281107,-0.008733403627140554,1.61231695463127e-11,8.06158477315635e-12,-0.00873340361907897,0.00015258508327752583,1,0.2,0.0,3.878142251778627e-11,0,,,,,
square,1,2,R_native,R_native,uniform_kmesh,256,16,,metal,2.0,0.01,4.0,0.02,0.5913294626523202,0.5913294626523193,0.09268880264305329,0.9999999999999996,-2.123180065164952,-1.061590032582476,-0.49422770868341437,-0.24711385434170718,0.37075521057221317,0.18537760528610658,-0.0617362490556006,7.895898296692006e-05,1,1.2,0.0,6.394884621840902e-14,0,,,,,
square,1,2,R_native,R_native,uniform_kmesh,1024,32,,metal,2.0,0.01,4.0,0.02,0.5947055797767264,0.5947055797767256,0.09336088167458914,0.9999999999999999,-2.124109132009913,-1.0620545660049565,-0.4988276828371505,-0.24941384141857526,0.37344352669835656,0.18672176334917828,-0.06269207806939697,7.739107806311982e-05,1,1.2,0.0,6.750155989720952e-14,0,,,,,
square,1,2,R_native,R_native,uniform_kmesh,4096,64,,metal,2.0,0.01,4.0,0.02,0.5951111058657318,0.595111105865731,0.09344222063315688,0.9999999999999997,-2.1241740591647016,-1.0620870295823508,-0.499388446871998,-0.249694223435999,0.3737688825326275,0.18688444126631376,-0.06280978216968525,7.722647951396934e-05,1,1.2,0.0,6.394884621840902e-14,0,,,,,
square,1,2,R_native,R_native,continuum_elliptic_dos,4001,,4001,metal,2.0,0.01,4.0,0.02,0.5951211897581942,0.5951211897581934,0.09344424385670673,1.0000000000000002,-2.1241749843990974,-1.0620874921995487,-0.49940239898981126,-0.24970119949490563,0.3737769754268269,0.18688848771341346,-0.06281271178149217,7.72224032134127e-05,1,1.2,2.220446049250313e-16,6.039613253960852e-14,0,,,,,
square,1,2,R_native,R_native,uniform_kmesh,256,16,,metal,2.5,0.01,5.0,0.02,0.36871769108931995,0.36871769108931907,0.053336653712822785,0.9999999999999999,-2.5497895606020293,-1.2748947803010147,-0.31810993254329983,-0.15905496627164992,0.26668326856411395,0.13334163428205698,-0.02571333198959294,0.00010772324263258647,1,0.7,1.1102230246251565e-16,5.684341886080802e-14,0,,,,,
square,1,2,R_native,R_native,uniform_kmesh,1024,32,,metal,2.5,0.01,5.0,0.02,0.37227151321429436,0.3722715132142935,0.05391534434374561,1.0000000000000002,-2.5500706254419327,-1.2750353127209664,-0.32183549858694754,-0.16091774929347377,0.26957672171872804,0.13478836085936402,-0.02612938843410975,0.00010678672648673055,1,0.7,0.0,5.684341886080802e-14,0,,,,,
square,1,2,R_native,R_native,uniform_kmesh,4096,64,,metal,2.5,0.01,5.0,0.02,0.37244240830467623,0.3724424083046753,0.053943127932748955,1.0,-2.5500777877457708,-1.2750388938728854,-0.32201396578649716,-0.16100698289324858,0.2697156396637448,0.1348578198318724,-0.026149163061376185,0.00010673295177304888,1,0.7,0.0,6.394884621840902e-14,0,,,,,
square,1,2,R_native,R_native,continuum_elliptic_dos,4001,,4001,metal,2.5,0.01,5.0,0.02,0.3724419269582257,0.3724419269582248,0.05394313259810748,1.0000000000000007,-2.550078086166245,-1.2750390430831224,-0.3220146355779715,-0.16100731778898575,0.2697156629905374,0.1348578314952687,-0.02614948629371705,0.0001067414224325848,1,0.7,0.0,6.394884621840902e-14,0,,,,,
square,1,2,R_native,R_native,uniform_kmesh,256,16,,metal,3.0,0.01,6.0,0.02,0.1477902746469903,0.1477902746469899,0.020504689631878476,0.9999999999999996,-3.016454791606492,-1.508227395803246,-0.1369892888082169,-0.06849464440410845,0.12302813779127086,0.06151406889563543,-0.0069805755084730164,0.0008231308528710604,1,0.2,2.220446049250313e-16,4.085620730620576e-14,0,,,,,
square,1,2,R_native,R_native,uniform_kmesh,1024,32,,metal,3.0,0.01,6.0,0.02,0.14827304801552119,0.14827304801552066,0.020569243432417766,1.0000000000000002,-3.016431772516583,-1.5082158862582915,-0.1374113560395564,-0.0687056780197782,0.12341546059450659,0.061707730297253294,-0.006997947722524905,0.0008201787464873678,1,0.2,2.220446049250313e-16,4.618527782440651e-14,0,,,,,
square,1,2,R_native,R_native,uniform_kmesh,4096,64,,metal,3.0,0.01,6.0,0.02,0.14827786273180155,0.14827786273180107,0.020569888468934153,1.0000000000000002,-3.016431518961369,-1.5082157594806844,-0.13741537518161692,-0.06870768759080846,0.12341933081360493,0.061709665406802464,-0.0069980221840059975,0.0008201734616193654,1,0.2,0.0,3.907985046680551e-14,0,,,,,
square,1,2,R_native,R_native,continuum_elliptic_dos,4001,,4001,metal,3.0,0.01,6.0,0.02,0.14827757862853486,0.1482775786285344,0.020569850450187964,1.0,-3.0164315525236844,-1.5082157762618422,-0.13741516248448468,-0.06870758124224234,0.12341910270112778,0.06170955135056389,-0.006998029891678449,0.0008201713085561755,1,0.2,2.220446049250313e-16,3.197442310920451e-14,0,,,,,
square,1,2,R_native,R_native,uniform_kmesh,256,16,,insulator,2.0,0.01,4.0,0.02,1.0082383683497828e-07,1.0082383683497793e-07,4.805310517116685e-13,1.0,-2.0225884429482477,-1.0112942214741238,-0.017448010267701434,-0.008724005133850717,1.922124206846674e-12,9.61062103423337e-13,-0.008724005132889654,0.00015224549633927558,1,1.2,2.220446049250313e-16,2.7892355092262733e-11,0,,,,,
square,1,2,R_native,R_native,uniform_kmesh,1024,32,,insulator,2.0,0.01,4.0,0.02,9.878994078337541e-08,9.878994078337509e-08,4.825410375081473e-13,1.0000000000000002,-2.022588353383,-1.0112941766915,-0.017447831229252808,-0.008723915614626404,1.930164150032589e-12,9.650820750162946e-13,-0.008723915613661322,0.0001522423796495961,1,1.2,0.0,3.2155611506823334e-11,0,,,,,
square,1,2,R_native,R_native,uniform_kmesh,4096,64,,insulator,2.0,0.01,4.0,0.02,1.0575774700427803e-07,1.0575774700427772e-07,4.817091401475048e-13,1.0,-2.0225884698569274,-1.0112942349284637,-0.017448064057777296,-0.008724032028888648,1.9268365605900193e-12,9.634182802950096e-13,-0.00872403202792523,0.00015224644976557196,1,1.2,0.0,3.6852298990197596e-11,0,,,,,
square,1,2,R_native,R_native,continuum_elliptic_dos,4001,,4001,insulator,2.0,0.01,4.0,0.02,1.0341394984791036e-07,1.0341394984790999e-07,4.816339632754929e-13,1.0,-2.0225884728985335,-1.0112942364492667,-0.01744807014037848,-0.00872403507018924,1.9265358531019717e-12,9.632679265509859e-13,-0.008724035069225972,0.00015224654696362197,1,1.2,0.0,2.5803359449128038e-11,0,,,,,
square,1,2,R_native,R_native,uniform_kmesh,256,16,,insulator,2.5,0.01,5.0,0.02,9.309493775865652e-08,9.309493775865623e-08,4.336571220546756e-12,1.0,-2.5230088230960277,-1.2615044115480138,-0.01828831756738582,-0.00914415878369291,2.168285610273378e-11,1.084142805136689e-11,-0.009144158772851482,0.00016728431311220803,1,0.7,1.1102230246251565e-16,3.0176749987731455e-11,0,,,,,
square,1,2,R_native,R_native,uniform_kmesh,1024,32,,insulator,2.5,0.01,5.0,0.02,9.079524987409943e-08,9.07952498740991e-08,4.336294521457594e-12,0.9999999999999999,-2.5230087241273864,-1.2615043620636932,-0.01828811974170295,-0.009144059870851476,2.168147260728797e-11,1.0840736303643984e-11,-0.00914405986001074,0.00016728068897696425,1,0.7,0.0,4.015276999780326e-11,0,,,,,
square,1,2,R_native,R_native,uniform_kmesh,4096,64,,insulator,2.5,0.01,5.0,0.02,9.71819626993602e-08,9.718196269935978e-08,4.3332187136279965e-12,1.0,-2.523008651699101,-1.2615043258495504,-0.01828797496688023,-0.009143987483440115,2.1666093568139983e-11,1.0833046784069992e-11,-0.009143987472607069,0.00016727803673834618,1,0.7,4.440892098500626e-16,4.0682124335944536e-11,0,,,,,
square,1,2,R_native,R_native,continuum_elliptic_dos,4001,,4001,insulator,2.5,0.01,5.0,0.02,8.877040535977991e-08,8.877040535977965e-08,4.335121416991155e-12,1.0,-2.5230087979266784,-1.2615043989633392,-0.018288267260159106,-0.009144133630079553,2.1675607084955776e-11,1.0837803542477888e-11,-0.00914413361924175,0.0001672833728556764,1,0.7,0.0,3.391420477782958e-11,0,,,,,
square,1,2,R_native,R_native,uniform_kmesh,256,16,,insulator,3.0,0.01,6.0,0.02,3.990061714365153e-08,3.990061714365135e-08,2.6329311378285733e-12,1.0000000000000002,-3.022569679160135,-1.5112848395800675,-0.01741050189995076,-0.00870525094997538,1.579758682697144e-11,7.89879341348572e-12,-0.008705250942076588,0.00015160262895081363,1,0.2,2.220446049250313e-16,6.285461040533846e-11,0,,,,,
square,1,2,R_native,R_native,uniform_kmesh,1024,32,,insulator,3.0,0.01,6.0,0.02,3.7561763588374195e-08,3.756176358837405e-08,2.6305561124360464e-12,1.0,-3.0225698583238767,-1.5112849291619384,-0.01741086004401576,-0.00870543002200788,1.578333667461628e-11,7.89166833730814e-12,-0.008705430014116212,0.000151608849690485,1,0.2,0.0,4.668621045311738e-11,0,,,,,
square,1,2,R_native,R_native,uniform_kmesh,4096,64,,insulator,3.0,0.01,6.0,0.02,4.4136450494387744e-08,4.4136450494387545e-08,2.6288555522460034e-12,1.0,-3.022569899068479,-1.5112849495342395,-0.017410941491504957,-0.008705470745752479,1.577313331347602e-11,7.88656665673801e-12,-0.008705470737865912,0.00015161026956050572,1,0.2,2.220446049250313e-16,5.395506263994321e-11,0,,,,,
square,1,2,R_native,R_native,continuum_elliptic_dos,4001,,4001,insulator,3.0,0.01,6.0,0.02,4.072057691041282e-08,4.0720576910412666e-08,2.632817186917212e-12,1.0,-3.022569655085853,-1.5112848275429265,-0.0174104537789483,-0.00870522688947415,1.5796903121503273e-11,7.898451560751636e-12,-0.0087052268815757,0.0001516017868738057,1,0.2,0.0,4.8675730113245663e-11,0,,,,,
